:100000000C9411010C943B010C943B010C943B01AA
:100010000C943B010C943B010C943B010C943B0170
:100020000C943B010C943B010C943B010C943B0160
:100030000C943B010C9472020C943B010C943B0118
:100040000C943B010C943B010C94FC3B0C943B0145
:100050000C9447370C947D370C943B010C943B0176
:100060000C943B010C943B010C941D1C0C943B0123
:100070000C94DE370C9414380C943B010C943B0127
:100080000C943B010C943B010C943B0100407A1012
:10009000F35A00A0724E18090010A5D4E80000E839
:1000A0007648170000E40B54020000CA9A3B000097
:1000B00000E1F505000080969800000040420F0026
:1000C0000000A08601000000102700000000E803E7
:1000D000000000006400000000000A0000000000B2
:1000E0000100000000002C76D888DC674F0823DF71
:1000F000C1DFAE59E1B1B796E5E3E453C63AE65144
:10010000997696E8E6C28426EB898C9B62ED407C6A
:100110006FFCEFBC9C9F40F2BAA56FA5F490055A06
:100120002AF75C936B6CF9676DC11BFCE0E40D472B
:10013000FEF520E6B500D0ED902E0300943577054E
:100140000080841E080000204E0A000000C80C3306
:100150003333330F986E12831141EF8D2114893B95
:10016000E65516CFFEE6DB18D1844B381BF77C1D15
:10017000901DA4BBE424203284725E228100C9F168
:1001800024ECA1E53D277C3C3E5E2B3D3F2F5B5D93
:100190003B2C2A225C000000000203000A0B000036
:1001A0000000050409080000000000000000000035
:1001B000000000000000010204081020408001023D
:1001C0000408102040800102040810204080010231
:1001D000040810204080020202020202020204040B
:1001E00004040404040403030303030303030101DD
:1001F0000101010101010000200023002600290067
:1002000000002200250028002B000000210024000F
:1002100027002A008702321B36215024B137483884
:100220009F0211241FBECFEFD0E4DEBFCDBF13E08D
:10023000A0E0B1E0E8E3FAE800E00BBF02C00790FD
:100240000D92A838B107D9F72DE0A8E8B3E001C0B6
:100250001D92AA3EB207E1F711E0C0E1D1E004C06F
:100260002197FE010E94C53FCA30D107C9F70E94FD
:10027000ED3B0C940F450C940000DC01ED91FC91DA
:100280000190F081E02D09940CB405FC0DC09EBDD9
:1002900000000DB407FEFDCF9EB58EBD00000DB46D
:1002A00007FEFDCF8EB508958EBD00000DB407FE8C
:1002B000FDCF8EB59EBD00000DB407FEFDCF9EB5EF
:1002C0000895982F92959F708F702AE0929F800DCD
:1002D000112408952F923F924F925F926F927F92D6
:1002E0008F929F92AF92BF92CF92DF92EF92FF9246
:1002F0000F931F93CF93DF93CDB7DEB760970FB601
:10030000F894DEBF0FBECDBF1B012C013A0149019D
:100310001E870D87F88AEF861CE3E12EF12C00E0A2
:1003200010E0C201A80197010E94A33FD5016C9380
:10033000CA01B901A80197010E94A33FF601608399
:10034000C201B10120E13EE040E050E00E94A33F45
:10035000CA01B90128E130E040E050E00E94A33F2B
:10036000AF85B8896C93C201B10120E831E541E065
:1003700050E00E94A33F82EB97E0F30191838083DA
:10038000E0E9F1E094E6C92ED12CD3010D911C9146
:100390007801B3E0EB22FF24E114F10431F4C80149
:1003A000B6010E948F3F892B99F4C801BF010E94BA
:1003B0008F3F892B69F08DE691E02817390758F0B7
:1003C000281B390B0F5F1F4FD3010D931C93DDCFFB
:1003D0008EE691E0F2CF8CE0ECE0F1E0DE011196E8
:1003E00001900D928A95E1F7EF2839F4C80164E68F
:1003F00070E00E948F3F892B39F4C80160E971E0F9
:100400000E948F3F892B11F48DE18A8381E0F401F2
:100410008083D4018C91FE01E80FF11D408150E0F2
:100420002417350728F0241B350B8F5F8C93F1CFF1
:100430002F5FED85FE85208360960FB6F894DEBFB2
:100440000FBECDBFDF91CF911F910F91FF90EF9025
:10045000DF90CF90BF90AF909F908F907F906F90E4
:100460005F904F903F902F900895CF93DF93C8EC0B
:10047000D0E08AEF90E00E94B03C61E08FE00E9403
:10048000253D61E08FE00E94613D8AEF90E00E948F
:10049000B03C61E08FE00E94253D60E08FE00E946B
:1004A000613D219731F7C8ECD0E084EB90E00E94E9
:1004B000B03C61E08FE00E94253D61E08FE00E944A
:1004C000613D84EB90E00E94B03C61E08FE00E94CF
:1004D000253D60E08FE00E94613D219731F7DF917B
:1004E000CF9108951F920F920FB60F9211248F9300
:1004F00080918A038F5F80938A0310928500109207
:1005000084008F910F900FBE0F901F90189562E29C
:1005100071E081EA99E00E94F73963E571E08BE9C7
:1005200099E00E94F7396DE871E085E999E00E9451
:10053000F7396DE871E08BE899E00C94F7398BE8B6
:1005400099E00E94853985E999E00E9485398BE917
:1005500099E00E94853981EA99E00C948539CF931E
:10056000DF9361E570E087EA99E00E94B11A70E0DC
:1005700060E087EA99E00E943D0187EA99E00E94E5
:100580002F1B46E061E587EA99E00E94291B87EA74
:1005900099E00E94241A0E9461018093930387EAE4
:1005A00099E00E94241A8F770E946101D82F87EA70
:1005B00099E00E94241A8F770E946101C82F87EA70
:1005C00099E00E94241A0E94610190E0B0E0A0E04E
:1005D0008093940390939503A0939603B09397030D
:1005E00087EA99E00E94241A0E94610124E6829F12
:1005F000C0011124092E000CAA0BBB0B40919403DF
:10060000509195036091960370919703840F951F05
:10061000A61FB71F8093940390939503A09396030E
:10062000B093970387EA99E00E94241A0E9461011F
:1006300040E157E2849F9001859F300D1124032EE5
:10064000000C440B550B8091940390919503A0915D
:100650009603B0919703280F391F4A1F5B1FA0E133
:10066000BEE00E94DD3FAB01BC012CE3C29FC00194
:100670001124092E000CAA0BBB0B8D0F911DA11D7F
:10068000B11D840F951FA61FB71F809394039093ED
:100690009503A0939603B0939703DF91CF910895AC
:1006A000CF93DF93CDB7DEB7C459D1090FB6F89415
:1006B000DEBF0FBECDBF88E19FE00FB6F894A895CE
:1006C000809360000FBE9093600061E083E10E9420
:1006D000613D60E082E10E94613D61E082E00E9454
:1006E000253D61E082E00E94613D61E084E10E947D
:1006F000253D61E084E10E94613D6DE871E0CE013D
:1007000081579F4F0E94F7390E94AF0264E671E063
:10071000CE0181579F4F0E948A3B60919109709151
:1007200092094AE0CE0101960E946F3ABE016F5FC6
:100730007F4FCE0181579F4F0E94833BCE01019690
:100740000E94853966ED72E0CE0181579F4F0E946D
:100750008A3B409194035091950360919603709168
:1007600097032AE0CE0101960E949B3ABE016F5F7B
:100770007F4FCE0181579F4F0E94833BCE01019650
:100780000E94853965EF71E0CE0181579F4F0E942D
:100790008A3B4AE060919303CE0101960E94163A8B
:1007A000BE016F5F7F4FCE0181579F4F0E94833BF9
:1007B000CE0101960E94853966ED72E0CE01815727
:1007C0009F4F0E948A3B47EA59E064E4CE01885A71
:1007D0009F4F0E94E830CE01885A9F4F0E941F31E0
:1007E00061E0CE01885A9F4F0E94A231E1966EAD22
:1007F0007FADE19790E080E00E94603E2FEA30E01C
:100800004FE25BE30E94123F20E030E044E352E419
:100810000E94B83DAB01BC0121E0CE0101960E94CF
:10082000F73ABE016F5F7F4FCE0181579F4F0E9405
:10083000833BCE0101960E94853966ED72E0CE01C0
:1008400001960E94F739BE016F5F7F4FCE0181573D
:100850009F4F0E94833BCE0101960E948539AF963F
:100860006EAD7FADAF9790E080E00E94603E28ECD7
:1008700030E048EC5AE30E94123FAB01BC0121E09A
:10088000CE0101960E94F73ABE016F5F7F4FCE0105
:1008900081579F4F0E94833BCE0101960E9485396C
:1008A00066ED72E0CE0101960E94F739BE016F5FDE
:1008B0007F4FCE0181579F4F0E94833BCE0101960F
:1008C0000E94853947EA59E065E4CE01CC960E9442
:1008D000E830CE01CC960E941F3161E0CE01CC966B
:1008E0000E94A23165966EAD7FAD659790E080E085
:1008F0000E94603E2FEA30E04FE25BE30E94123F2D
:1009000020E030E044E352E40E94B83DAB01BC017A
:1009100021E0CE0101960E94F73ABE016F5F7F4F42
:10092000CE0181579F4F0E94833BCE0101960E94CA
:10093000853966ED72E0CE0101960E94F739BE015D
:100940006F5F7F4FCE0181579F4F0E94833BCE0147
:1009500001960E94853963966EAD7FAD639790E0F6
:1009600080E00E94603E28EC30E048EC5AE30E94B0
:10097000123FAB01BC0121E0CE0101960E94F73A83
:10098000BE016F5F7F4FCE0181579F4F0E94833B17
:10099000CE0101960E94853966ED72E0CE01019686
:1009A0000E94F739BE016F5F7F4FCE0181579F4F85
:1009B0000E94833BCE0101960E94853947EA59E0A7
:1009C00067E7CE0101960E94CE31CE0101960E94CA
:1009D000F8356A81CE0101960E948C33CE010196D2
:1009E0000E940832AB01BC0122E0CE018C589F4F1F
:1009F0000E94F73ABE016C587F4FCE0181579F4F3E
:100A00000E94833BCE018C589F4F0E94853966ED32
:100A100072E0CE018C589F4F0E94F739BE016C588E
:100A20007F4FCE0181579F4F0E94833BCE018C5850
:100A30009F4F0E948539CE0101960E943F32AB0143
:100A4000BC0122E0CE018C589F4F0E94F73ABE01B4
:100A50006C587F4FCE0181579F4F0E94833BCE0140
:100A60008C589F4F0E94853961E084E10E94253DAA
:100A700060E084E10E94613D61E082E00E94253DEA
:100A800060E082E00E94613D0FB6F894A8958091E5
:100A90006000886180936000109260000FBEBE010C
:100AA00061577F4F8FE39DE00E94D238809107010C
:100AB000882371F164E089E49AE00E94801F6AE66D
:100AC00071E0882309F443C040919509509196093B
:100AD00023E169E47AE0CE018C589F4F0E94A02068
:100AE000CE018C589F4F0E94741E882371F1BE0165
:100AF00061577F4FCE018C589F4F0E94D238CE0154
:100B00008C589F4F0E94621E61E084E00E94613D0C
:100B100061E082E10E94613D60E083E10E94613D0D
:100B200061E070E080E090E00E94773CCE01815768
:100B30009F4F0E948539CC56DF4F0FB6F894DEBF29
:100B40000FBECDBFDF91CF91089569E771E08FE3CC
:100B50009DE00E94E43810920701D6CF4F925F9239
:100B60006F927F92AF92BF92CF92DF92EF92FF92FD
:100B70000F931F93CF93DF93CDB7DEB7AD970FB62B
:100B8000F894DEBF0FBECDBF61E083E10E94613DFE
:100B900060E082E10E94613D0E94AF026DE871E079
:100BA000CE0188960E94F73963E871E0CE018896FD
:100BB0000E948A3B60919109709192094AE0CE01AE
:100BC00001960E946F3ABE016F5F7F4FCE018896FB
:100BD0000E94833BCE0101960E94853966ED72E04A
:100BE000CE0188960E948A3B609125077091260766
:100BF0004AE0CE0101960E946F3ABE016F5F7F4FBF
:100C0000CE0188960E94833BCE0101960E948539D1
:100C100083EAE82E83E0F82E9AEFC92E95E0D92ECC
:100C200027E2A22E27E0B22E01E010E080919F0380
:100C30009091A0030817190708F051C00C3221E069
:100C4000120709F44CC0F60181916F01F501419042
:100C500051905F01712C612C882331F0F7E94F0E20
:100C6000F8E95F1E611C711C6BE871E0CE0188968B
:100C70000E948A3B6EE871E0CE0188960E948A3B12
:100C80002AE0B301A201CE0101960E949B3ABE0167
:100C90006F5F7F4FCE0188960E94833BCE01019605
:100CA0000E94853966ED72E0CE0188960E948A3BEB
:100CB000F701619171917F014AE0CE0101960E9496
:100CC0006F3ABE016F5F7F4FCE0188960E94833BD3
:100CD000CE0101960E9485390F5F1F4FA7CF62E9B1
:100CE00071E0CE0188960E948A3B609191097091D3
:100CF00092094AE0CE0101960E946F3ABE016F5FF1
:100D00007F4FCE0188960E94833BCE0101960E94C0
:100D1000853966ED72E0CE0188960E948A3B40914B
:100D200094035091950360919603709197032AE084
:100D3000CE0101960E949B3ABE016F5F7F4FCE01AC
:100D400088960E94833BCE0101960E94853965EF0B
:100D500071E0CE0188960E948A3B4AE0609193033D
:100D6000CE0101960E94163ABE016F5F7F4FCE0101
:100D700088960E94833BCE0101960E94853966EDDC
:100D800072E0CE0188960E948A3B80919400609127
:100D90009500762F682F4AE0CE0101960E946F3AA7
:100DA000BE016F5F7F4FCE0188960E94833BCE01CC
:100DB00001960E94853966ED72E0CE0188960E9408
:100DC0008A3B60919F037091A003615071094AE0D2
:100DD000CE0101960E946F3ABE016F5F7F4FCE0138
:100DE00088960E94833BCE0101960E9485390DE7CB
:100DF00019E066ED72E0CE0188960E948A3BF80108
:100E0000619171918F014AE0CE0101960E946F3A83
:100E1000BE016F5F7F4FCE0188960E94833BCE015B
:100E200001960E948539F9E005381F0711F7BE01C8
:100E3000685D7F4F8FE39DE00E94D238809107016B
:100E400061E0882309F4C3C08EE00E94613D64E044
:100E500089E49AE00E94801F6AE671E0882309F421
:100E6000AFC0409195095091960923E169E47AE079
:100E7000CE0101960E94A020CE0101960E94741E10
:100E8000882309F49BC0BE01685D7F4FCE010196A7
:100E90000E94D238CE0101960E94621E61E084E079
:100EA0000E94613D60E08EE00E94613D60E08DE067
:100EB0000E94613D8091910990919209893F9A42E7
:100EC00008F455C01092920910929109609193090B
:100ED000709194096F5F7F4F7093940960939309A9
:100EE0004AE0CE014C960E946F3ABE01645E7F4F8D
:100EF000CE0101960E94DF3A6BE971E0CE010196C6
:100F00000E94BF3BBC0185E999E00E94C83ACE012E
:100F100001960E948539CE014C960E9485398091B8
:100F20008509909186090196909386098093850999
:100F300060EA71E08FE39DE00E94BF3865E979E0E7
:100F40008FE39DE00E94D23880910701882379F0D9
:100F500064E089E49AE00E94801F81116DC06AE616
:100F600071E08FE39DE00E94E4381092070161E098
:100F700082E10E94613D60E083E10E94613D61E0A9
:100F800070E080E090E00E94773CCE0188960E945D
:100F90008539AD960FB6F894DEBF0FBECDBFDF9199
:100FA000CF911F910F91FF90EF90DF90CF90BF9066
:100FB000AF907F906F905F904F90089569E771E0D8
:100FC0008FE39DE00E94E4381092070167CF8DE027
:100FD0000E94613DCCA4DDA410E000E0FF24FA945F
:100FE0008DE10E948F3D892B19F0FA94F110F8CF12
:100FF00082E390E00E94B03C78012FEFE21AF20AFF
:10100000B801CE0188960E94D93BFC01608182EA3A
:101010009CE00E94C738CE14DF0460F482EA9CE0B2
:101020000E94CE38BE01685D7F4F8FE39DE00E9435
:10103000D23838CF8701D2CF409195095091960987
:1010400023E169E47AE0CE0101960E94A020CE015E
:1010500001960E94741E882309F452C06BE879E05F
:10106000CE0182960E94DF3A6BEA71E0CE01829651
:101070000E948A3B60918509709186094AE0CE0101
:101080004C960E946F3ABE01645E7F4FCE018296FD
:101090000E94833BCE014C960E94853966ED72E03A
:1010A000CE0182960E948A3B40918709509188091F
:1010B0006091890970918A092AE0CE014C960E94BC
:1010C0009B3ABE01645E7F4FCE0182960E94833BB5
:1010D000CE014C960E948539BE016E5D7F4FCE01D8
:1010E00001960E94D238CE0101960E94621ECE0166
:1010F00082960E94853961E084E00E94613D37CF8D
:1011000069E771E08FE39DE00E94E43810920701E7
:10111000F2CF0F931F93CF93DF93C82F65E570E055
:1011200087EA99E00E94B11A0C2E000CDD0BBE017B
:1011300087EA99E00E943D0187EA99E00E942F1B0F
:1011400041E050E065E570E087EA99E00E942C1BE1
:1011500087EA99E00E94241A8C0165E570E087EA2D
:1011600099E00E94B11ABE016F5F7F4F87EA99E054
:101170000E943D0187EA99E00E942F1B41E050E068
:1011800065E570E087EA99E00E942C1B87EA99E008
:101190000E94241A20E0382FC901800F911FDF918F
:1011A000CF911F910F910895CF93DF93CDB7DEB705
:1011B000A1970FB6F894DEBF0FBECDBF61E083E10B
:1011C0000E94613D60E082E10E94613D6DE871E056
:1011D000CE014C960E94F7390E94AF0264EB71E099
:1011E000CE014C960E948A3B6091910970919209C0
:1011F0004AE0CE0101960E946F3ABE016F5F7F4FB9
:10120000CE014C960E94833BCE0101960E94853907
:1012100066ED72E0CE014C960E948A3B40919403A9
:101220005091950360919603709197032AE0CE0147
:1012300001960E949B3ABE016F5F7F4FCE014C9694
:101240000E94833BCE0101960E94853965EF71E0D3
:10125000CE014C960E948A3B4AE060919303CE01F6
:1012600001960E94163ABE016F5F7F4FCE014C96E9
:101270000E94833BCE0101960E94853966ED72E0A3
:10128000CE014C960E948A3B88E00E9489084AE081
:10129000BC01CE0101960E94433ABE016F5F7F4FB1
:1012A000CE014C960E94833BCE0101960E94853967
:1012B00066ED72E0CE014C960E948A3B8AE00E9465
:1012C00089084AE0BC01CE0101960E94433ABE0162
:1012D0006F5F7F4FCE014C960E94833BCE010196FB
:1012E0000E94853966ED72E0CE014C960E948A3BE1
:1012F00084E00E9489084AE0BC01CE0101960E9468
:10130000433ABE016F5F7F4FCE014C960E94833BF4
:10131000CE0101960E94853966ED72E0CE014C96B1
:101320000E948A3B86E00E9489084AE0BC01CE0107
:1013300001960E94433ABE016F5F7F4FCE014C96EB
:101340000E94833BCE0101960E94853966ED72E0D2
:10135000CE014C960E948A3B8CE00E948908BC0119
:10136000990F880B990B0E94623E2DEC3CEC4CECE3
:101370005DE30E94123F23E333E948E853E40E940F
:10138000B83DAB01BC0122E0CE0101960E94273B93
:10139000BE016F5F7F4FCE014C960E94833BCE0112
:1013A00001960E948539BE01645E7F4F8FE39DE008
:1013B0000E94D23880910701882349F164E089E4D2
:1013C0009AE00E94801F6AE671E08823E9F140916B
:1013D00095095091960923E169E47AE0CE010196DE
:1013E0000E94A020CE0101960E94741E882351F114
:1013F000BE01645E7F4FCE0101960E94D238CE01BD
:1014000001960E94621E61E084E00E94613D61E0FD
:1014100082E10E94613D60E083E10E94613D61E004
:1014200070E080E090E00E94773CCE014C960E94F4
:101430008539A1960FB6F894DEBF0FBECDBFDF9100
:10144000CF91089569E771E08FE39DE00E94E43851
:1014500010920701D8CF10927E0910927D09109248
:10146000800910927F0910928209109281091092CE
:1014700084091092830981E090E09093A003809307
:101480009F0361E087E10E94613D60E086E10E9488
:10149000613D90E080E00E94440161E086E10E94AD
:1014A000613D10928500109284009091940080918B
:1014B00095008927982789279093260780932507E9
:1014C00010928A03109289031092880310E208E1B7
:1014D000B9E2FB2EC1E0D0E018993EC180918A03A9
:1014E0008230D0F38EE10E948F3D892B29F5A8EC44
:1014F000CA2ED12C86E990E00E94B03C61E08FE0DA
:101500000E94253D61E08FE00E94613D86E990E008
:101510000E94B03C61E08FE00E94253D60E08FE0DA
:101520000E94613D41E0C41AD10821F780919A03DD
:1015300091E0892780939A0310928A03809189030E
:101540008F5F80938903809188038F5F80938803E6
:101550008BE10E948F3D682F8DE00E94613D8BE101
:101560000E948F3D892B09F48DC061E570E087EA08
:1015700099E00E94B11A67E287EA99E00E94471A4F
:1015800060E087EA99E00E94471A65E970E087EA1F
:1015900099E00E943D0187EA99E00E942F1B68EBC9
:1015A0007BE080E090E00E94773CC8ECD0E08AEFDE
:1015B00090E00E94B03C61E08FE00E94253D61E038
:1015C0008FE00E94613D8AEF90E00E94B03C61E0B4
:1015D0008FE00E94253D60E08FE00E94613D2197F1
:1015E00031F761E570E087EA99E00E94B11A67E29D
:1015F00087EA99E00E94471A63E087EA99E00E942F
:10160000471A65E970E087EA99E00E943D0187EAA0
:1016100099E00E942F1B6AE670E087EA99E00E9439
:10162000B11A68E187EA99E00E94471A6AE087EAFE
:1016300099E00E94471A87EA99E00E942F1B68E808
:1016400073E180E090E00E94773CC8ECD0E08AEF44
:1016500090E00E94B03C61E08FE00E94253D61E097
:101660008FE00E94613D8AEF90E00E94B03C61E013
:101670008FE00E94253D60E08FE00E94613D219750
:1016800031F7DDCF61E086E10E94613D60E087E1F6
:101690000E94613D0FB6F894A895009360000FBEBC
:1016A000F09260000E94AE0510927E0910927D09B2
:1016B0001092800910927F0910928209109281097C
:1016C0001092840910928309D093A003C0939F03C2
:1016D000809188038E3120F0109288030E9450037D
:1016E00080918903843B20F0109289030E94D408E2
:1016F00061E087E10E94613D60E086E10E94613D1A
:1017000090E080E00E94440161E086E10E94613D3A
:101710000FB6F894A895809160008861809360006E
:10172000109260000FBE80919109909192090196EC
:1017300090939209809391091092850010928400F1
:1017400090919400809195008927982789279093FC
:10175000260780932507C0CE60E086E10E94613DA8
:1017600090E080E00E94440120919A03222361F1DD
:101770008430910560F12BB121272BB920919F0373
:101780003091A0032C32E1E03E07B8F46091840070
:1017900070918500A901440F551FFA01EB5DF84FC8
:1017A0007183608360918A03F901E750FA4F608387
:1017B0004F555C4FFA01918380832F5F3F4F3093E9
:1017C000A00320939F030DC084309105B8F6880FC5
:1017D000991FFC01E358F64F808191810196918316
:1017E000808361E086E10E94613D76CE0F931F9376
:1017F000CF93DF93CDB7DEB7A1970FB6F894DEBFD6
:101800000FBECDBF082F162F61E570E087EA99E083
:101810000E94B11A63E287EA99E00E94471A60E0E9
:1018200087EA99E00E94471A60E087EA99E00E94FF
:10183000471A65E087EA99E00E94471A60E087EA64
:1018400099E00E94471A60E087EA99E00E94471AEF
:1018500067E987EA99E00E94471A60E087EA99E021
:101860000E94471A60E087EA99E00E94471A87EAD7
:1018700099E00E942F1B61E570E087EA99E00E94E1
:10188000B11A6FE270E087EA99E00E943D016CE2D4
:1018900070E087EA99E00E943D0187EA99E00E94A2
:1018A0002F1B61E570E087EA99E00E94B11A68E2B7
:1018B00070E087EA99E00E943D0167E970E087EAFD
:1018C00099E00E943D0187EA99E00E942F1B61E5A3
:1018D00070E087EA99E00E94B11A60E087EA99E037
:1018E0000E94471A60E087EA99E00E94471A60E088
:1018F00087EA99E00E94471A60E087EA99E00E942F
:10190000471A60E087EA99E00E94471A60E087EA98
:1019100099E00E94471A60E087EA99E00E94471A1E
:1019200087EA99E00E942F1B0E94AF026BEB71E0E7
:10193000CE014C960E94F739409194035091950343
:1019400060919603709197032AE0CE0101960E9460
:101950009B3ABE016F5F7F4FCE014C960E94833B46
:10196000CE0101960E94853965EF71E0CE014C965B
:101970000E948A3B4AE060919303CE0101960E9447
:10198000163ABE016F5F7F4FCE014C960E94833B9B
:10199000CE0101960E94853964EC71E0CE014C962F
:1019A0000E948A3B003130F463ED71E0CE014C9629
:1019B0000E948A3B40E1602FCE0101960E94163AB8
:1019C000BE016F5F7F4FCE014C960E94833BCE01DC
:1019D00001960E94853965ED71E0CE014C960E941A
:1019E0008A3B103130F463ED71E0CE014C960E94D9
:1019F0008A3B40E1612FCE0101960E94163ABE015A
:101A00006F5F7F4FCE014C960E94833BCE010196C3
:101A10000E948539BE01645E7F4F8FE39DE00E9486
:101A2000D23880910701882319F164E089E49AE0B3
:101A30000E94801F8823E1F04091950950919609FA
:101A400023E169E47AE0CE0101960E94A020CE0154
:101A500001960E94741E882359F0BE01645E7F4F78
:101A6000CE0101960E94D238CE0101960E94621EDC
:101A7000CE014C960E948539A1960FB6F894DEBF30
:101A80000FBECDBFDF91CF911F910F910895CF93DE
:101A9000DF93D82FC62F6AE670E087EA99E00E94AC
:101AA000B11A6D2F87EA99E00E94471A6C2F87EAD6
:101AB00099E00E94471A87EA99E0DF91CF910C9450
:101AC0002F1BCF93C82F6AE670E087EA99E00E9447
:101AD000B11A62E087EA99E00E94471A60E671E075
:101AE00087EA99E00E943D0187EA99E00E942F1B56
:101AF0006AE670E087EA99E00E94B11A64E187EA39
:101B000099E00E94471A66E287EA99E0CC2309F43B
:101B100048C00E94471A69E187EA99E00E94471A83
:101B200060EA87EA99E00E94471A66E587EA99E049
:101B30000E94471A60E087EA99E00E94471A61E034
:101B400087EA99E00E94471A87EA99E00E942F1BD2
:101B50006AE670E087EA99E00E94B11A6AE187EAD2
:101B600099E00E94471A6FEB87EA99E00E94471AB2
:101B700087EA99E00E942F1B6AE670E087EA99E005
:101B80000E94B11A66E287EA99E00E94471A6CE85F
:101B900087EA99E00E94471A87EA99E0CF910C946E
:101BA0002F1B0E94471A69E987EA99E00E94471AA9
:101BB00060E0B7CFCF93C82F61E570E087EA99E086
:101BC0000E94B11A6C2F87EA99E00E94471A87EAAF
:101BD00099E00E942F1B41E061E587EA99E00E94AD
:101BE000291B87EA99E00E941D1A892B31F087EAA8
:101BF00099E00E94241ACF9108958FEFFCCF0F93A4
:101C00001F93CF93DF93CDB7DEB7A1970FB6F894AC
:101C1000DEBF0FBECDBF87E00E94DA0D182F88E22D
:101C20000E94DA0D082F807117FD02C081110FC0CC
:101C3000602F812F0E94F60BA1960FB6F894DEBF9D
:101C40000FBECDBFDF91CF911F910F9108950E94DC
:101C5000AF026BEB71E0CE014C960E94F7394091D8
:101C600094035091950360919603709197032AE035
:101C7000CE0101960E949B3ABE016F5F7F4FCE015D
:101C80004C960E94833BCE0101960E94853965EFF8
:101C900071E0CE014C960E948A3B4AE0609193032A
:101CA000CE0101960E94163ABE016F5F7F4FCE01B2
:101CB0004C960E94833BCE0101960E9485396FEDC0
:101CC00071E0CE014C960E948A3B103130F463EDF6
:101CD00071E0CE014C960E948A3B40E1612FCE011B
:101CE00001960E94163ABE016F5F7F4FCE014C965F
:101CF0000E94833BCE0101960E94853965ED71E01B
:101D0000CE014C960E948A3B40E1602FCE010196A5
:101D10000E94163ABE016F5F7F4FCE014C960E9423
:101D2000833BCE0101960E948539BE01645E7F4FE0
:101D30008FE39DE00E94D23880910701882319F13A
:101D400064E089E49AE00E94801F8823E1F04091DA
:101D500095095091960923E169E47AE0CE01019654
:101D60000E94A020CE0101960E94741E882359F083
:101D7000BE01645E7F4FCE0101960E94D238CE0133
:101D800001960E94621ECE014C960E94853954CF66
:101D9000CF93C82F6AE670E087EA99E00E94B11AF3
:101DA0006C2F87EA99E00E94471A60E087EA99E081
:101DB0000E94B31A41E06AE687EA99E00E94291B73
:101DC00087EA99E00E941D1A892B31F087EA99E091
:101DD0000E94241ACF91089580E0FCCFCF93DF9327
:101DE000C82F6AE670E087EA99E00E94B11A6C2F6A
:101DF00087EA99E00E94471A60E087EA99E00E942A
:101E0000B31A42E06AE687EA99E00E94291B87EA52
:101E100099E00E941D1A02978CF087EA99E00E94CF
:101E2000241AEC0187EA99E00E94241A20E0382F56
:101E3000C9018C2B9D2BDF91CF91089590E080E01C
:101E4000FACF0F931F93CF93DF938C0186E10E940B
:101E5000C80EC82FD82FDF7D6D2F86E10E94470D59
:101E600062E370E080E090E00E94773C6D2F606458
:101E700086E10E94470D68EC70E080E090E00E94EF
:101E8000773C6C2F6F7986E10E94470D64E170E02A
:101E900080E090E00E94773C87E20E94C80E682FA5
:101EA0006F7E87E20E94470D86E20E94C80E8F7CFB
:101EB000682F626C86E20E94470D62E370E080E06A
:101EC00090E00E94773C80E30E94EE0E9695879505
:101ED0009C013F70A7ECB0E00E94CE3F24E630E0CA
:101EE00040E050E00E94A33FF8013183208381E06D
:101EF000283B3B4008F480E0DF91CF911F910F9188
:101F00000895CF92DF92EF92FF920F931F93CF939A
:101F1000DF93D82F7B01682F87EA99E00E94A71AE8
:101F200060E087EA99E00E94471A60E087EA99E05A
:101F30000E94471A87EA99E00E942F1BC0E085E3C0
:101F4000C82ED12C0C2F10E0A601401B510B4131A3
:101F5000510510F040E150E06D2F87EA99E00E94B2
:101F6000291B0E0D1F1D87EA99E00E941D1A892B5F
:101F700059F0C533F8F487EA99E00E94241ACF5F3C
:101F8000F80181938F01EFCFC533A0F46D2F87EA5D
:101F900099E00E94A71A60E087EA99E00E94471A38
:101FA0006C2F87EA99E00E94471A87EA99E00E941D
:101FB0002F1BC8CF81E0C53309F080E0DF91CF91BE
:101FC0001F910F91FF90EF90DF90CF9008954F9267
:101FD0005F926F927F928F929F92AF92BF92CF92B9
:101FE000DF92EF92FF920F931F93CF93DF93CDB7C2
:101FF000DEB7C75BD1090FB6F894DEBF0FBECDBF09
:1020000026E040E052EC61E070E082EA9CE00E9451
:10201000F53626E040E052EC61E070E08FE39DE0B1
:102020000E94F53640EA56E861E070E087EA99E000
:102030000E94A31A6EEE71E08FE39DE00E94E438E7
:1020400060E08BE10E94253D60E085E10E94253D36
:1020500060E08DE10E94253D60E08EE10E94253D1B
:1020600061E086E10E94253D61E087E10E94253D17
:1020700060E080E00E94253D61E08FE00E94253D08
:1020800061E082E10E94253D61E082E10E94613DC4
:1020900061E082E00E94253D61E082E00E94613DB6
:1020A00061E08AE10E94253D61E08AE10E94613D94
:1020B00061E083E10E94253D61E083E00E94253DCF
:1020C00061E084E00E94253D60E085E00E94253DBE
:1020D00060E086E00E94253D61E087E00E94253DAA
:1020E00061E083E10E94613D61E084E00E94613D26
:1020F00060E087E00E94613D64E670E080E090E08F
:102100000E94773C60E083E00E94613D61E084E1F1
:102110000E94253D60E084E10E94613D80E00E94D4
:10212000610D64E670E080E090E00E94773C88E911
:1021300093E00E94210F809306010E94610D8BE1C4
:102140000E948F3D892B09F42CC188E19FE00FB6D6
:10215000F894A895809360000FBE909360006AE6A3
:1021600070E087EA99E00E94B11A6DE270E087EAB8
:1021700099E00E943D0187EA99E00E942F1B41E00F
:102180006AE687EA99E00E94291B87EA99E00E94A3
:10219000241AA89568EE73E080E090E00E94773CF6
:1021A000A89568EE73E080E090E00E94773CA895E7
:1021B00068EE73E080E090E00E94773CA89511E023
:1021C00001E06AE670E087EA99E00E94B11A6DE2E8
:1021D00070E087EA99E00E943D0187EA99E00E9459
:1021E0002F1B41E06AE687EA99E00E94291B87EAF3
:1021F00099E00E94241AA8958F77813108F07FC05A
:102200008BE10E948F3D682F8DE00E94613D61E56A
:1022100070E087EA99E00E94B11A68E270E087EA0C
:1022200099E00E943D0165E970E087EA99E00E942B
:102230003D0187EA99E00E942F1BA89568EE73E0A4
:1022400080E090E00E94773CA89568EE73E080E023
:1022500090E00E94773CA89568EE73E080E090E003
:102260000E94773CA89508EC10E08AEF90E00E946D
:10227000B03C61E08FE00E94253D61E08FE00E946C
:10228000613D8AEF90E00E94B03C61E08FE00E94E7
:10229000253D60E08FE00E94613D0150110929F762
:1022A00061E570E087EA99E00E94B11A67E287EA87
:1022B00099E00E94471A63E087EA99E00E94471A72
:1022C00065E970E087EA99E00E943D0187EA99E0BC
:1022D0000E942F1B6AE670E087EA99E00E94B11A1B
:1022E00068E187EA99E00E94471A6AE087EA99E084
:1022F0000E94471A87EA99E00E942F1BFFCFA895FA
:10230000112311F161E0002351F183E00E94613D4E
:102310000E94350261E770E087EA99E00E94B11AF5
:1023200060E087EA99E00E94471A63E187EA99E052
:102330000E94471A87EA99E00E942F1B68EE73E01B
:1023400080E090E00E94773C8EE10E948F3D10E09B
:10235000892B09F036CF81E0082711E032CF8CE0DD
:102360000E94253D60E08CE00E94613D0E943502A4
:1023700061E770E087EA99E00E94B11A60E087EABD
:1023800099E00E94471A60E187EA99E00E94471AA3
:1023900087EA99E00E942F1B60E083E00E94613D84
:1023A000CDCF61E084E10E94253D61E084E10E949F
:1023B000613D15E060E570E080E090E00E94773CD0
:1023C00061E08CE00E94253D61E08CE00E94613D6F
:1023D00060E570E080E090E00E94773C60E08CE097
:1023E0000E94613D115031F761E08CE00E94613D37
:1023F00008EC10E084EB90E00E94B03C61E08FE0DC
:102400000E94253D61E08FE00E94613D84EB90E0F9
:102410000E94B03C61E08FE00E94253D60E08FE0CB
:102420000E94613D0150110929F767EF71E08FE3C8
:102430009DE00E94E43860E087E10E94613D61E038
:1024400086E10E94613D61E570E087EA99E00E94C3
:10245000B11A67E287EA99E00E94471A63E087EAC7
:1024600099E00E94471A67E987EA99E00E94471AB3
:1024700088E199E20FB6F894A895809360000FBEAA
:10248000909360000E94AF02809194039091950315
:10249000A0919603B091970380938F03909390033C
:1024A000A0939103B093920360E072E08FE39DE00C
:1024B0000E94BF3840918F03509190036091910327
:1024C000709192032AE030E08FE39DE00E9473391F
:1024D0004E0106E3800E911C85E3F40111928A956A
:1024E000E9F7B40180E50E94810F882309F4DEC575
:1024F00067968CAD9DADAEADBFAD679780938B03F6
:1025000090938C03A0938D03B0938E036BE072E0E5
:102510008FE39DE00E94BF3840918B0350918C0364
:1025200060918D0370918E032AE030E08FE39DE08F
:102530000E9473396EE172E08FE39DE00E94BF3824
:1025400063964CAD5DAD6EAD7FAD63972AE030E034
:102550008FE39DE00E94733961E372E08FE39DE0B9
:102560000E94BF386B964CAD5DAD6EAD7FAD6B9785
:102570002AE030E08FE39DE00E9473396BE472E063
:102580008FE39DE00E94BF388401065F1F4F7401F6
:10259000F4E1EF0EF11CF80161918F01662339F02F
:1025A0008FE39DE00E94C7380E151F05A1F78FE34A
:1025B0009DE00E94CE38BE016F5F7F4F85E3FB0137
:1025C00011928A95E9F783E50E94810F882309F427
:1025D0007CC56AE672E08FE39DE00E94BF388E0101
:1025E000055F1F4F7E01F5E1EF0EF11CF8016191CF
:1025F0008F01662339F08FE39DE00E94C738E01613
:10260000F106A1F78FE39DE00E94CE3840908B0346
:1026100050908C0360908D0370908E034114510490
:102620006104710409F458C580918F03909190035F
:10263000A0919103B0919203480E591E6A1E7B1E11
:102640006B964CAD5DAD6EAD7FAD6B978C019D0112
:10265000041B150B260B370BCC54DF4F0883198353
:102660002A833B83C45BD0409E0121553F4F5901D3
:10267000CE0180559F4F6C01FE01EF54FF4F7F014B
:102680008E010E541F4F2C5F3F4FAE0143555F4FDD
:10269000C301B2010E946A0160E972E08FE39DE02C
:1026A0000E94BF382AE030E0CC54DF4F4881598186
:1026B0006A817B81C45BD0408FE39DE00E947339C7
:1026C0006BE972E08FE39DE00E94BF382AE030E0C2
:1026D000B301A2018FE39DE00E9473396FEA72E0BB
:1026E0008FE39DE00E94BF38C355DF4F6881798139
:1026F000CD5AD0404AE050E08FE39DE00E946D3912
:102700006EEB72E08FE39DE00E94BF38CD54DF4F47
:102710008881C35BD0408A3030F463ED71E08FE391
:102720009DE00E94BF384AE050E0CD54DF4F688101
:10273000C35BD0408FE39DE00E9454396EEB72E0A2
:102740008FE39DE00E94BF38CE54DF4F8881C25B8B
:10275000D0408A3030F463ED71E08FE39DE00E9459
:10276000BF384AE050E0CE54DF4F6881C25BD040B2
:102770008FE39DE00E94543960EC72E08FE39DE0AE
:102780000E94BF38CF54DF4F8881C15BD0408A3070
:1027900030F463ED71E08FE39DE00E94BF384AE0C2
:1027A00050E0CF54DF4F6881C15BD0408FE39DE0A4
:1027B0000E94543962EC72E08FE39DE00E94BF38C2
:1027C000C055DF4F8881C05BD0408A3030F463ED64
:1027D00071E08FE39DE00E94BF384AE050E0C055B1
:1027E000DF4F6881C05BD0408FE39DE00E94543989
:1027F00062EC72E08FE39DE00E94BF38C155DF4F6D
:102800008881CF5AD0408A3030F463ED71E08FE395
:102810009DE00E94BF384AE050E0C155DF4F68811B
:10282000CF5AD0408FE39DE00E945B398E0105595D
:102830001F4F64EC72E0C8010E94F7396BE979E040
:10284000C8010E94AC3B64ED72E00E94BF3B61EAAC
:1028500079E00E94AC3B66ED72E00E94BF3B7E01D6
:10286000F7EAEF0EF11CBC01C7010E94DF3AC80174
:102870000E9485396BE570E087EA99E00E94B11A01
:1028800068E070E087EA99E00E943D0170E060E056
:1028900087EA99E00E943D0187EA99E00E942F1B98
:1028A00040E16BE587EA99E00E94291B80E1D82E80
:1028B00087EA99E00E94241AC82E2FE0281728F0F2
:1028C00063ED71E0C7010E948A3B40E16C2DC801B5
:1028D0000E94163AB801C7010E94833BC8010E94BA
:1028E0008539DA94D110E4CF68ED72E0C7010E9417
:1028F0008A3B68E570E087EA99E00E94B11A68E0D7
:1029000070E087EA99E00E943D0170E060E087EAAC
:1029100099E00E943D0187EA99E00E942F1B40E167
:1029200068E587EA99E00E94291B10E187EA99E0AF
:102930000E94241A082F803138F463ED71E0CE0133
:1029400089559F4F0E948A3B61E082E00E94253DAD
:1029500061E082E00E94613D61E08AE10E94253DE4
:1029600061E08AE10E94613D40E1602FCE0185591E
:102970009F4F0E94163ABE0165597F4FCE0189557F
:102980009F4F0E94833BCE0185599F4F0E948539FE
:10299000115061F666ED72E0CE0189559F4F0E949D
:1029A0008A3B60E570E087EA99E00E94B11A70E026
:1029B00060E087EA99E00E943D0170E060E087EA0C
:1029C00099E00E943D0187EA99E00E942F1B42E0B6
:1029D00060E587EA99E00E94291B87EA99E00E9456
:1029E000241A80939C0387EA99E00E94241A80931A
:1029F0009B0340E160919C03CE0185599F4F0E944B
:102A0000163ABE0165597F4FCE0189559F4F0E94EE
:102A1000833BCE0185599F4F0E94853940E16091EB
:102A20009B03CE0185599F4F0E94163ABE016559FE
:102A30007F4FCE0189559F4F0E94833BCE01855920
:102A40009F4F0E9485396EEE72E0CE0189559F4FEF
:102A50000E948A3B8401065F1F4F34E1830E911C64
:102A6000F80161918F01662341F0CE0189559F4F96
:102A70000E94993B8016910699F76BEF72E0CE01A8
:102A800089559F4F0E948A3B6BE570E087EA99E089
:102A90000E94B11A68E070E087EA99E00E943D0167
:102AA00070E060E087EA99E00E943D0187EA99E0E2
:102AB0000E942F1B40E16BE587EA99E00E94291BE9
:102AC00010E187EA99E00E94241A082F803138F437
:102AD00063ED71E0CE0189559F4F0E948A3B40E132
:102AE000602FCE0185599F4F0E94163ABE0165594D
:102AF0007F4FCE0189559F4F0E94833BCE01855960
:102B00009F4F0E9485391150E1F666ED72E0CE01CB
:102B100089559F4F0E948A3B63E570E087EA99E000
:102B20000E94B11A70E060E087EA99E00E943D01DE
:102B300070E060E087EA99E00E943D0187EA99E051
:102B40000E942F1B42E063E587EA99E00E94291B5F
:102B500087EA99E00E94241A80939E0387EA99E00D
:102B60000E94241A80939D0340E160919E03CE0150
:102B700085599F4F0E94163ABE0165597F4FCE017D
:102B800089559F4F0E94833BCE0185599F4F0E94DC
:102B9000853940E160919D03CE0185599F4F0E9488
:102BA000163ABE0165597F4FCE0189559F4F0E944D
:102BB000833BCE0185599F4F0E9485396FE073E0BA
:102BC000CE0189559F4F0E948A3B8E01055F1F4FA2
:102BD0007E01F5E1EF0EF11CF80161918F01662392
:102BE00041F0CE0189559F4F0E94993BE016F106B6
:102BF00099F76CE173E0CE0189559F4F0E948A3BA3
:102C00008091060163ED71E0882311F06CEE71E0B4
:102C1000CE0189559F4F0E948A3B66ED72E0CE013E
:102C200089559F4F0E948A3B609198037091990348
:102C30004AE0CE0185599F4F0E946F3ABE01655907
:102C40007F4FCE0189559F4F0E94833BCE0185590E
:102C50009F4F0E94853965E273E0CE0189559F4FF1
:102C60000E948A3B40918F035091900360919103A1
:102C7000709192032AE0CE0185599F4F0E949B3AA2
:102C8000BE0165597F4FCE0189559F4F0E94833BFE
:102C9000CE0185599F4F0E94853966ED72E0CE01C5
:102CA00089559F4F0E948A3B40918B0350918C0322
:102CB00060918D0370918E032AE0CE0185599F4F5C
:102CC0000E949B3ABE0165597F4FCE0189559F4FA7
:102CD0000E94833BCE0185599F4F0E94853966ED46
:102CE00072E0CE0189559F4F0E948A3B2AE0B301D2
:102CF000A201CE0185599F4F0E949B3ABE016559A2
:102D00007F4FCE0189559F4F0E94833BCE0185594D
:102D10009F4F0E94853966ED72E0CE0189559F4F25
:102D20000E948A3B2AE0CC54DF4F488159816A8156
:102D30007B81C45BD040CE0185599F4F0E949B3A56
:102D4000BE0165597F4FCE0189559F4F0E94833B3D
:102D5000CE0185599F4F0E94853966ED72E0CE0104
:102D600089559F4F0E948A3BC355DF4F6881798107
:102D7000CD5AD0404AE0CE0185599F4F0E946F3A0C
:102D8000BE0165597F4FCE0189559F4F0E94833BFD
:102D9000CE0185599F4F0E9485396EEB72E0CE01BE
:102DA00089559F4F0E948A3BCD54DF4F8881C35B7A
:102DB000D0408A3038F463ED71E0CE0189559F4FE1
:102DC0000E948A3B4AE0CD54DF4F6881C35BD0400C
:102DD000CE0185599F4F0E94163ABE0165597F4F1B
:102DE000CE0189559F4F0E94833BCE0185599F4F4D
:102DF0000E9485396EEB72E0CE0189559F4F0E948B
:102E00008A3BCE54DF4F8881C25BD0408A3038F491
:102E100063ED71E0CE0189559F4F0E948A3B4AE0E5
:102E2000CE54DF4F6881C25BD040CE0185599F4FA1
:102E30000E94163ABE0165597F4FCE0189559F4FBA
:102E40000E94833BCE0185599F4F0E94853960ECDB
:102E500072E0CE0189559F4F0E948A3BCF54DF4FCD
:102E60008881C15BD0408A3038F463ED71E0CE01D7
:102E700089559F4F0E948A3B4AE0CF54DF4F6881BB
:102E8000C15BD040CE0185599F4F0E94163ABE01CA
:102E900065597F4FCE0189559F4F0E94833BCE01DC
:102EA00085599F4F0E94853962EC72E0CE018955A9
:102EB0009F4F0E948A3BC055DF4F8881C05BD04046
:102EC0008A3038F463ED71E0CE0189559F4F0E943E
:102ED0008A3B4AE0C055DF4F6881C05BD040CE01DD
:102EE00085599F4F0E94163ABE0165597F4FCE010A
:102EF00089559F4F0E94833BCE0185599F4F0E9469
:102F0000853962EC72E0CE0189559F4F0E948A3B61
:102F1000C155DF4F8881CF5AD0408A3038F463EDF5
:102F200071E0CE0189559F4F0E948A3B4AE0C1550E
:102F3000DF4F6881CF5AD040CE0185599F4F0E9404
:102F4000163ABE0165597F4FCE0189559F4F0E94A9
:102F5000833BCE0185599F4F0E948539BE0169553B
:102F60007F4F8BE899E00E94C83A409287095092BF
:102F700088096092890970928A09109286091092D4
:102F800085096BEA71E0CE0189559F4F0E948A3B0B
:102F900060918509709186094AE0CE0185599F4F5D
:102FA0000E946F3ABE0165597F4FCE0189559F4FF0
:102FB0000E94833BCE0185599F4F0E94853966ED63
:102FC00072E0CE0189559F4F0E948A3B409187094C
:102FD000509188096091890970918A092AE0CE018F
:102FE00085599F4F0E949B3ABE0165597F4FCE0184
:102FF00089559F4F0E94833BCE0185599F4F0E9468
:10300000853960E082E10E94613D64E089E49AE0F4
:103010000E94801F811108C06AE671E08FE39DE085
:103020000E94E4381092070181E090E090939409A7
:10303000809393096091930970919409683C71059C
:1030400008F053C04AE0CE018A579F4F0E946F3A62
:10305000BE016A577F4FCE0185599F4F0E94DF3ACC
:103060006BE971E0CE0185599F4F0E94BF3BBC01C7
:1030700085E999E00E94C83ACE0185599F4F0E9488
:103080008539CE018A579F4F0E94853960919509F5
:103090007091960989E49AE00E942B21882329F1F6
:1030A00080919309909194090196C0CF66E572E0F2
:1030B0008FE39DE00E94E43810928B0310928C0302
:1030C00010928D0310928E0376CA65E772E08FE34B
:1030D0009DE00E94E4389ACACC54DF4F18821982CE
:1030E0001A821B82C45BD040BFCA60919309709161
:1030F00094094AE0CE018A579F4F0E946F3ABE0161
:103100006A577F4FCE0185599F4F0E94DF3A6BE986
:1031100071E0CE0185599F4F0E94BF3BBC0185E9FC
:1031200099E00E94C83ACE0185599F4F0E94853987
:10313000CE018A579F4F0E94853915E060E570E007
:1031400080E090E00E94773C61E08DE00E94253DA8
:1031500061E08DE00E94613D60E570E080E090E01C
:103160000E94773C60E08DE00E94613D115031F794
:1031700061E08DE00E94613D409195095091960972
:1031800023E169E47AE0CE018A579F4F0E94A02094
:10319000CE018A579F4F0E94241E2B013C016EE2F4
:1031A00073E08FE39DE00E94BF382AE030E0B30176
:1031B000A2018FE39DE00E947339F1E84F16F3E21C
:1031C0005F06F3E46F06710408F485C0CE018A57E8
:1031D0009F4F0E94621E60919309709194096F5FE6
:1031E0007F4F70939409609393094AE0CE018F5505
:1031F0009F4F0E946F3ABE016F557F4FCE01855998
:103200009F4F0E94DF3A6BE971E0CE0185599F4FD5
:103210000E94BF3BBC0185E999E00E94C83ACE01FB
:1032200085599F4F0E948539CE018F559F4F0E942F
:103230008539409195095091960923E169E47AE036
:10324000CE0185599F4F0E94A020AF968EAD9FADB5
:10325000AF97C857DF4F99838883C858D040E3960B
:103260008CAD9DADAEADBFADE397C657DF4F888344
:103270009983AA83BB83CA58D040E7968CAD9DAD95
:10328000AEADBFADE797C257DF4F88839983AA835E
:10329000BB83CE58D040ABE6B0E0AC0FBD1F1C9650
:1032A000E6E8F0E0EC0FFD1F3C9686E890E08C0F1E
:1032B0009D1F49962D912193E817F907D9F7CC570F
:1032C000DF4F88819981C458D040C156DF4F998320
:1032D0008883CF59D04060EA71E08FE39DE00E947F
:1032E000BF3865E979E08FE39DE00E94D238CE01D6
:1032F0008A579F4F0E94741E882309F492C0BE0112
:1033000069557F4FCE018A579F4F0E94D238CE0118
:103310008A579F4F0E94621EBE0169557F4F8FE3FF
:103320009DE00E94D2380E94FF0D61E082E10E9480
:10333000613D61E084E10E94253D60E084E10E94FE
:10334000613D15E060E570E080E090E00E94773C30
:1033500061E08EE00E94253D61E08EE00E94613DCB
:1033600060E570E080E090E00E94773C60E08EE0F5
:103370000E94613D115031F760E08CE00E94613D98
:1033800060E08DE00E94613D61E082E00E94253DA9
:1033900060E082E00E94613D0FB6F894A8958091AC
:1033A0006000886180936000109260000FBEF89406
:1033B000109280008DE08093810087E998E99093D6
:1033C000890080938800109285001092840082E02A
:1033D00080936F001092900085E08093910010928E
:1033E0009500109294007894CE0189559F4F0E94C9
:1033F0008539C954DF4F0FB6F894DEBF0FBECDBF7D
:10340000DF91CF911F910F91FF90EF90DF90CF90C0
:10341000BF90AF909F908F907F906F905F904F90F4
:10342000089569E771E08FE39DE00E94E43810920F
:10343000070172CF90E080E008958091D7099091C4
:10344000D809891B990B08959091D8098091D709C3
:103450002FEF3FEF981748F4E92FF0E0E752F64FCF
:10346000208130E09F5F9093D809C9010895E091D1
:10347000D8098091D709E81730F4F0E0E752F64F09
:10348000808190E008958FEF9FEF08950895CF9386
:10349000DF931F92CDB7DEB769832091B309222352
:1034A000F9F02091B409203258F021E030E0FC011D
:1034B0003383228390E080E00F90DF91CF910895D5
:1034C0008091B509E82FF0E0EA54F64F9981908396
:1034D0008F5F8093B5098093B40981E090E0ECCFD1
:1034E00061E0CE0101960E94E61BF7CFCF92DF92FA
:1034F000EF92FF920F931F93CF93DF937C01CB0149
:103500008A012091B309222389F0EB016B01C40EDB
:10351000D51ECC15DD0569F06991D701ED91FC91BF
:103520000190F081E02DC7010995F3CF642F0E942F
:10353000E61BC801DF91CF911F910F91FF90EF9093
:10354000DF90CF900895CB01BA010C94431B81E02A
:103550008093B3096093D6091092B5091092B4090B
:1035600008950C94A71A0F93062F21E04091B409F7
:1035700066EB79E08091D6090E94961B1092B509FE
:103580001092B4091092B3090F9108954F925F926F
:103590006F927F92AF92BF92CF92EF92FF920F9372
:1035A0001F93CF93DF935C01F62ED42F28013901AE
:1035B000EE2019F10E94A71ACE2DC43008F0C3E006
:1035C000C150B8F028E0C29FC0011124A3019201AC
:1035D00004C056954795379527958A95D2F7B90136
:1035E000D501ED91FC910190F081E02DC501099587
:1035F000E7CF60E0C5010E94B31A4D2FD13208F029
:1036000040E22C2D69ED79E08F2D0E94561B10921F
:10361000D8098093D709DF91CF911F910F91FF9027
:10362000EF90CF90BF90AF907F906F905F904F9052
:103630000895CF92EF920F931F93C22EE12C00E0DA
:1036400010E098010E94C61A1F910F91EF90CF9041
:10365000089521E00C94191B21E00C94191B61E0E2
:103660000C94B31AE7EAF9E01382128288EE93E031
:10367000A0E0B0E084839583A683B7838DE393E0D5
:103680009183808308959B01AC0160E072E18AE739
:1036900090E00E94A33F20513109410951095695FC
:1036A0004795379527952093B80008954132E0F566
:1036B0009091480A9111FCCF91E09093480A209391
:1036C000460A2FEF2093F9097093400A60933F0A4E
:1036D00010923E0A240F20933D0A9093470A90913E
:1036E000470A880F892B8093470A8091450A8130C9
:1036F000C9F41092450A8091470A8093BB008091DB
:10370000BC0083FDF8CF85EC8093BC008091480A13
:103710008130E1F380913E0A841710F440913E0A13
:10372000842F089585EEF0CF40E0FACF0F93413219
:1037300008F044C09091480A9111FCCF92E0909318
:10374000480A0093460A9FEF9093F9097093400A44
:1037500060933F0A10923E0A40933D0A1092470A36
:103760009091470A880F892B8093470A8091450AD8
:10377000813011F51092450A8091470A8093BB0071
:103780008091BC0083FDF8CF85EC8093BC002223A0
:1037900021F08091480A8230D1F38091F9098F3F5E
:1037A00079F08091F909803269F08091F9098033CC
:1037B00059F084E00F91089585EEE7CF81E0FACFCC
:1037C00080E0F8CF82E0F6CF83E0F4CF20911B0AAF
:1037D000260F3327331F21323105ECF42091480A9C
:1037E000FC0190E080E0243069F082E00895A0912F
:1037F0001B0A2191AC01435E554FA40FB52FB11D9B
:103800002C930196861798F380911B0A680F60939A
:103810001B0A80E0089581E0089585ED8093BC0047
:103820008091BC0084FDFCCF1092480A089585EC7D
:103830008093BC001092480A08951F920F920FB611
:103840000F9211240BB60F922F933F934F935F93D8
:103850006F937F938F939F93AF93BF93EF93FF9358
:103860008091B900887F803609F44EC008F041C0CD
:10387000883209F4AAC028F5803109F49EC0C8F442
:10388000882309F407C1883009F497C0FF91EF91AC
:10389000BF91AF919F918F917F916F915F914F9168
:1038A0003F912F910F900BBE0F900FBE0F901F9066
:1038B0001895883109F489C0803241F78093F9095D
:1038C00015C0803409F4A6C048F48033B9F38833B6
:1038D000E9F68093F9090E94171CD8CF803509F4C6
:1038E00089C0883509F49EC0883481F60E940D1C79
:1038F000CDCF883909F494C038F5883729F050F4D1
:10390000883611F0803711F683E08093480A1092D0
:10391000FA0957C0883809F483C0803919F0803813
:1039200009F0B4CF8091FA09803208F079C0E091B3
:10393000FA0981E08E0F8093FA098091BB00F0E0D4
:10394000E550F64F80833DC0803B39F0E0F4803A8B
:1039500009F485C0883A09F099CF84E08093480A39
:1039600010921C0A10921B0AE091430AF091440A3B
:10397000099580911B0A81110FC081E080931B0A79
:1039800010921D0A09C0803C09F482C0883C09F4E9
:103990007FC0883B09F07ACFE0911C0A81E08E0F4E
:1039A00080931C0AF0E0E35EF54F80818093BB00BA
:1039B00090911C0A80911B0A31C08091470A809324
:1039C000BB0085EC8093BC0061CF90913E0A809152
:1039D0003D0A9817B8F580913F0A9091400AE0910E
:1039E0003E0A21E02E0F20933E0AE80FF92FF11D29
:1039F0008081E5CF20913F0A3091400AE0913E0A54
:103A000081E08E0F80933E0A8091BB00E20FF32F7E
:103A1000F11D808390913E0A80913D0A981788F2AB
:103A200085E8D0CF20913F0A3091400AE0913E0ACC
:103A300081E08E0F80933E0A8091BB00E20FF32F4E
:103A4000F11D80838091460A811150CF81E08093DF
:103A5000450A84EA8093BC001092480A17CF0E945E
:103A6000171C8091FA09803230F4E091FA09F0E0F5
:103A7000E550F64F10826091FA0970E0E091410A3A
:103A8000F091420A8BEF99E009951092FA09FECE67
:103A900085ECE0CF1092F90929CFCF93DF931F92E5
:103AA000CDB7DEB76983DC01ED91FC910280F38133
:103AB000E02D41E050E0BE016F5F7F4F09950F9010
:103AC000DF91CF910895CF93DF93EC01E98DFA8DCB
:103AD000309749F481E090E09B838A8390E080E016
:103AE000DF91CF91089513821282898D9A8D0E9461
:103AF000D829E98DFA8D22813381232B59F7F0CF14
:103B0000FC01818D928D009711F00C946727089528
:103B1000CF93DF931F92CDB7DEB741E050E0BE01F7
:103B20006F5F7F4F0E948B25019731F4898190E070
:103B30000F90DF91CF9108958FEF9FEFF9CFFC01A8
:103B4000818D928D009711F00C94881D8FEF9FEF5F
:103B500008950F931F93CF93DF93EC01898D9A8D76
:103B600010E000E0009799F00E94881D8C010F3F43
:103B7000100769F0898D9A8DFC0142855385648513
:103B8000758541505109610971090E94D326C80108
:103B9000DF91CF911F910F910895EF92FF920F93B4
:103BA0001F93CF93DF93EC017B018A011B821A8262
:103BB00088EE93E0A0E0B0E08C839D83AE83BF836A
:103BC0008FE493E0998388838DE190E00E94064022
:103BD0009A8F898F009779F02DE1F701DC01019030
:103BE0000D922A95E1F74CE050E0B801CE010C9619
:103BF0000E943442188EDF91CF911F910F91FF9058
:103C0000EF900895FC011382128288EE93E0A0E009
:103C1000B0E084839583A683B7838FE493E0918398
:103C20008083128E118E14860895DC015996ED91D1
:103C3000FC91309729F06285738584859585089578
:103C40006FEF7FEFCB010895DC015996ED91FC9168
:103C5000309729F06389748985899689089560E091
:103C600070E0CB010895CF92DF92EF92FF92CF9355
:103C7000DF93FC01218D328D232B09F1EC010E9491
:103C8000241E6B017C01CE010E94151EA701960126
:103C9000261B370B480B590BDA01C901811530E897
:103CA0009307A105B10520F08FEF9FE7A0E0B0E0FA
:103CB000DF91CF91FF90EF90DF90CF90089590E04B
:103CC00080E0F6CFCF93DF93EC01898D9A8D00973A
:103CD00041F00E94B027898D9A8D0E94A2401A8ED1
:103CE000198EDF91CF910895DC015996ED91FC91E9
:103CF000309721F081E09581911101C080E0089515
:103D00001F93CF93DF93CDB7DEB76D970FB6F894BF
:103D1000DEBF0FBECDBFAB011C821B8223E633E0AA
:103D20003A8329831E8221E0BC01CE0101960E94C4
:103D3000EB2811E081110CC010E0812F6D960FB6B9
:103D4000F894DEBF0FBECDBFDF91CF911F910895D4
:103D5000CE0101960E94B027F0CFEF92FF920F9311
:103D60001F93CF93DF937B01DB012D913C91FC01ED
:103D7000E20FF31F60816F3211F42F5F3F4F8C0110
:103D8000020F131FEA01F0E0E0E0D8017D918D0100
:103D90007F3249F0772339F02F5F3F4F3196799387
:103DA000EC30F10591F7E40FF51F1082FC01E20FF2
:103DB000F31F40814F3211F42F5F3F4FF7013183E2
:103DC0002083280F391F81E0D9019C91911101C0F6
:103DD00080E0DF91CF911F910F91FF90EF900895B8
:103DE0004F925F926F927F928F929F92AF92BF920B
:103DF000CF92DF92EF92FF920F931F93CF93DF93B7
:103E0000CDB7DEB7C954D1090FB6F894DEBF0FBEE7
:103E1000CDBF5C016B013A01490119A218A283E6EA
:103E200093E09F8F8E8F1BA21C821B829A838983B3
:103E30001E822A961FAE1EAE2A978B017E018EE14E
:103E4000E80EF11C44244394AE01455C5F4FBE0173
:103E5000685B7F4FC5010E94AD1E582E482F442538
:103E60009401BE01655C7F4FC801F3010995811182
:103E700020C00C151D05C9F480E0C75BDF4F0FB6ED
:103E8000F894DEBF0FBECDBFDF91CF911F910F9190
:103E9000FF90EF90DF90CF90BF90AF909F908F906A
:103EA0007F906F905F904F900895C8010E94B02757
:103EB000E3CF552091F021E0AE01455C5F4FB801A2
:103EC000C7010E94EB28582E0C151D0571F0C80182
:103ED0000E94B02751100EC0CFCF0C151D0519F050
:103EE000C8010E94B02781E0C8CF882329F28E0143
:103EF0000F5F1F4F902F812F8701E92EF82EA4CF3F
:103F00000F931F93CF93DF93EC01162F8FA5882378
:103F100021F0CE018A960E94B027412F61E0CE01A8
:103F20000E944D22811102C090E012C08E01045FF8
:103F30001F4F41E0BE01C8010E94122F882371F07B
:103F4000B801CE018A960E943B2591E0882361F357
:103F5000892FDF91CF911F910F91089540E0BE010D
:103F6000C8010E94122F8823F9F2EACFFC01DB017D
:103F700012968D919C9113979383828383E693E0AD
:103F80009183808314968C911497848315968C91D9
:103F90001597858316964D915D916D917C9119973A
:103FA00046835783608771871A964D915D916D9115
:103FB0007C911D9742875387648775871E964D9124
:103FC0005D916D917C91519746875787608B718B7E
:103FD00052968C915297828B53964D915D916D9133
:103FE0007C915697438B548B658B768B57964D916E
:103FF0005D916D917C915A97478B508F618F728F35
:104000005B968D919C91948F838F08954F925F92D0
:104010006F927F928F929F92AF92BF92CF92DF92D8
:10402000EF92FF920F931F93CF93DF93CDB7DEB73D
:10403000C754D1090FB6F894DEBF0FBECDBF5C01E7
:104040004A013901665D7F4F7E018EE1E80EF11C69
:10405000C7010E94B61F1C821B8283E693E09A83ED
:1040600089831E828401FE0131966F015E2C4F2CE4
:104070006FE270E0C8010E942242009709F455C027
:10408000F80120812F3219F40F5F1F4FF1CF801BF1
:104090008D3008F08CE0E82EF12CA701B801CE019C
:1040A000CB960E943442EBE3F0E0EC0FFD1FEE0DE7
:1040B000FF1D1082C6010E94B02721E0AE01455CC1
:1040C0005F4F652D742DC6010E94EB28811121C020
:1040D000F5011382128283E693E091838083158237
:1040E000C501C95BDF4F0FB6F894DEBF0FBECDBF71
:1040F000DF91CF911F910F91FF90EF90DF90CF90C4
:10410000BF90AF909F908F907F906F905F904F90F7
:1041100008950E0D1F1D852D942D0E94B027C201FC
:104120005C2C4D2CC92ED82EA3CF08191909F301E8
:1041300011830083652D742DC5010E94B61FD0CF59
:10414000AF92BF92CF92DF92FF920F931F93CF93C4
:10415000DF93CDB7DEB7C955D1090FB6F894DEBFEE
:104160000FBECDBF6C015B018A01F22E9E01285A61
:104170003F4FCE01CB960E9406206A968EAD9FAD32
:104180006A97080F191FF8018081811110C0BE01C4
:10419000655C7F4FCE0101960E94B61F4DE553E04E
:1041A000BE016F5F7F4FC6010E94CD1D0FC019A2D7
:1041B00018A283E693E09F8F8E8F1BA221968FAD6E
:1041C0002197811115C0C6010E94021EC601C75A5F
:1041D000DF4F0FB6F894DEBF0FBECDBFDF91CF919A
:1041E0001F910F91FF90DF90CF90BF90AF900895F7
:1041F00082508230F8F4B501665D7F4F2F2DA80103
:10420000CE014E960E94EB288823E9F28F2D86700E
:1042100041F049A95AA96BA97CA9CE014E960E94EA
:10422000D326BE01625E7F4FCE0101960E94B61F6B
:10423000A801B6CF2F2DA801BE01655C7F4FCE012E
:104240004E960E94EB28882309F4BDCFCE01CB9671
:104250000E94B027DBCFFB01BC01665D7F4F30E0E1
:1042600020E040E85EE1CF010C94F01EE9E4FAE0C2
:10427000158216821186138682E090E0A0E0B0E0FD
:1042800084879587A687B78713A215A614A683E609
:1042900093E093A782A717A608959FB7F89420915B
:1042A000A00C80919E0C213019F48DBB9FBF089506
:1042B0008FBF08952091A00C222381F03FB7F8947E
:1042C0002091A00C213069F42DB320939E0C4DB3A6
:1042D00020919F0C209524232DBB3FBF8CBD9DBDFD
:1042E000089530939E0CFACF8EBD00000DB407FEEA
:1042F000FDCF8EB508958FEF0C94742161E0FC0121
:1043000084810E94613D8091920A882339F0109245
:10431000920A8091A00C81110C944D210895CF93A5
:10432000DF93EC018091920A811109C081E08093B2
:10433000920A8091930A9091940A0E945A2160E017
:104340008C81DF91CF910C94613DCF93DF93EC0191
:104350008E81882389F08F8198859C012F5F3F4F44
:1043600038872F838230924018F40E947B21F3CF4C
:10437000CE010E947E211E82DF91CF910895673089
:1043800028F026E1FC01258380E00895623079F071
:1043900038F06430A9F090F06530A1F082E508C0F3
:1043A00080E58093930A81E08093940A089580E5E4
:1043B0008093930A1092940A81E0089581E5F1CFE9
:1043C00081E5F6CF82E5EDCF0F931F93CF93DF9377
:1043D000EB010E94463C8B010E947B218F3F69F0DC
:1043E0000E94463C601B710B6C177D07A8F380E0B0
:1043F000DF91CF911F910F91089581E0F9CF8F92B6
:104400009F92AF92BF92FF920F931F93CF93DF9330
:10441000EC01F62E49015A010E94A521CE010E940D
:104420008F216CE271E0CE010E94E4218F2D806427
:104430000E94742108E110E0D501C401002E04C0DF
:10444000B695A795979587950A94D2F70E947421FF
:1044500008501109083F8FEF180771F785E9FF2011
:1044600021F088E0F8120DC087E80E94742110E066
:104470000E947B218A8787FF06C01F3F21F01F5FB4
:10448000F7CF8FEFF2CFDF91CF911F910F91FF9078
:10449000BF90AF909F908F9008958F929F92AF9210
:1044A000BF92EF92FF920F931F93CF93DF93EC0194
:1044B000E62E1B8619861E821D824C830E94463C76
:1044C0008B0161E08C810E94253D61E08C810E941E
:1044D000613D0E94323082E58093930A81E08093AF
:1044E000940A8091930A9091940A0E945A212AE09A
:1044F000F22E8FEF0E947421FA94F110FACF80917E
:10450000A00C81110E944D21CE010E948F2120E03C
:1045100030E0A90160E0CE010E94FF21F82E8A87D9
:1045200081E0F816C1F00E94463C601B710B613DB2
:10453000774068F381E08D83CE010E947E2180E088
:10454000DF91CF911F910F91FF90EF90BF90AF90AF
:104550009F908F9008952AEA31E040E050E068E0B3
:10456000CE010E94FF2182FF25C0FB868B85812C16
:10457000912C5401823029F4812C912CA12C80E4BF
:10458000B82E20E030E0A90167E3CE010E94FF21B0
:10459000A501940169E2CE010E94FF218A87882348
:1045A000C1F00E94463C601B710B613D774048F3AF
:1045B00088E0C1CF94E0F92E0E947B218A87FA948B
:1045C000F110FACF8A3A11F082E0B5CF82E08B8702
:1045D000CDCF8B858230C1F420E030E0A9016AE3C1
:1045E000CE010E94FF21882311F086E0A4CF0E9413
:1045F0007B21807C803C11F483E08B870E947B21AF
:104600000E947B210E947B21CE010E947E216E2D83
:10461000CE01DF91CF911F910F91FF90EF90BF904E
:10462000AF909F908F900C94BF210F931F93CF93C7
:10463000DF93EC010E94463C8B010E947B218A871C
:104640008F3F91F40E94463C601B710B6D327140AC
:10465000A0F38FE08D83CE010E947E2180E0DF9168
:10466000CF911F910F9108958E3F11F08DE0F2CF01
:1046700081E0F5CFCF92DF92EF92FF920F931F93DD
:10468000CF93DF93EC016901C801820F931F813042
:10469000924048F58E81882371F088819981AA81A2
:1046A000BB8184179507A607B70729F48F819885E2
:1046B000C816D90670F5488359836A837B838B8536
:1046C000833039F089E0440F551F661F771F8A95A4
:1046D000D1F79A01AB0161E1CE010E94FF2188234D
:1046E00079F083E08D83CE010E947E2180E0DF910E
:1046F000CF911F910F91FF90EF90DF90CF90089591
:10470000CE010E941523882371F318861F8281E051
:104710008E838F8198858C159D0560F06701E00E72
:10472000F11EEC14FD0471F00E947B21F6018193CF
:104730006F01F7CF0E947B218F8198850196988722
:104740008F83E7CF8F819885080F191F18870F83F4
:104750008985882319F00115124018F0CE010E94B6
:10476000A52181E0C4CFEF92FF920F931F93011513
:10477000110539F00E943A231F910F91FF90EF909D
:10478000089581E0F9CFEF92FF920F931F93790183
:1047900000E012E030E020E00E943A231F910F91E8
:1047A000FF90EF900895EF92FF920F931F93CF9396
:1047B000DF938C01862F7A010E947421E7018EEF2E
:1047C000F81A89910E947421CE15DF05D1F78FEF79
:1047D0000E9474218FEF0E9474210E947B21F801B6
:1047E00082878F71853069F081E18583C8010E94DD
:1047F0007E2180E0DF91CF911F910F91FF90EF908C
:10480000089581E0F7CF0F931F93CF93DF93EC01CF
:10481000890182E1411551056105710599F08B858A
:10482000833039F089E0440F551F661F771F8A9542
:10483000D1F79A01AB0168E1CE010E94FF218823E4
:1048400039F084E08D83CE010E947E2180E023C078
:10485000A8016EEFCE010E94D3238823A1F368E55F
:1048600072E0CE010E94E421811102C085E1EACF0D
:1048700020E030E0A9016DE0CE010E94FF218823F5
:1048800011F084E1DFCF0E947B218111FACFCE01AC
:104890000E947E2181E0DF91CF911F910F910895B9
:1048A000E3E9FAE080E5808381E08183089508955B
:1048B000CF93DF93EC019C012A5F3F4F41E050E032
:1048C00060E070E08B8D9C8D0E94B12D8823A1F05B
:1048D0008F89988DA98DBA8D892B8A2B8B2B59F4B2
:1048E0008E819F81A885B9858F8B988FA98FBA8F6C
:1048F0008C8180688C8381E0DF91CF9108958F92C5
:104900009F92AF92BF92CF92DF92EF92FF92CF939E
:10491000DF93EC010E94582481110CC080E0DF91EC
:10492000CF91FF90EF90DF90CF90BF90AF909F908E
:104930008F900895EB8DFC8DCE80DF80E884F98424
:1049400082E0C81AD108E108F108858504C0CC0CC2
:10495000DD1CEE1CFF1C8A95D2F786859785A08901
:10496000B189C80ED91EEA1EFB1E8481460157017B
:10497000880E911CA11CB11C8C149D04AE04BF04B4
:1049800061F081E0881A9108A108B108C501B4015D
:104990000E94FF2B8111F0CFC1CFEB8DFC8D2585BF
:1049A00080E092E0A0E0B0E004C0880F991FAA1F49
:1049B000BB1F2A95D2F74B895C896D897E89840F4C
:1049C000951FA61FB71F8B8B9C8BAD8BBE8B81E079
:1049D000A6CFCF93DF93EC01462F6E857F85888924
:1049E00099890E94C42B882351F08A8920E2829FF2
:1049F000C00111248256954FDF91CF91089590E028
:104A000080E0FACFFB019B01255F3F4F40E24193DD
:104A10002E173F07E1F7DC0120E037E09D91492F99
:104A2000992319F19E3229F43A3059F028E03AE0FE
:104A3000F5CFE6E8F1E08491882329F031969813C8
:104A4000FACF80E017C03217A8F05FED590F5E353E
:104A500088F48FE9890F8A3110F440EE490FFB0189
:104A6000E20FF11D40832F5FD9CF81E0FB019081E0
:104A7000903239F308950F931F93CF93DF93FC0186
:104A80002581222331F080E0DF91CF911F910F919A
:104A900008958B01EC01FB018789803139F582E0B3
:104AA0008D831F8A188E198E1A8E808D918DB0E09D
:104AB000A0E025E0880F991FAA1FBB1F2A95D1F7F8
:104AC0008B8B9C8BAD8BBE8B1C8F0B8F81E08C8373
:104AD0001E821F82188619861A861B861C861D86D2
:104AE0001E861F86188A198A1A8ACECF803259F6F6
:104AF00083E08D83428D538D648D758D4F8B588FE0
:104B0000698F7A8F9E012D5E3F4FC8010E94A42CB1
:104B10008111DACFB8CF2F923F924F925F926F926E
:104B20007F928F929F92AF92BF92CF92DF92EF923D
:104B3000FF920F931F93CF93DF93EC015B012A0148
:104B40008D81811115C08FEF9FEFDF91CF911F9164
:104B50000F91FF90EF90DF90CF90BF90AF909F901C
:104B60008F907F906F905F904F903F902F9008951F
:104B70008C8180FFE8CF0B891C892D893E894A856D
:104B80005B856C857D85C201B0E0A0E0680179019C
:104B9000C41AD50AE60AF70AC816D906EA06FB06B9
:104BA00018F42801441A550A42011E0126E0220E7B
:104BB000311C8114910409F4B3C04A855B856C856E
:104BC0007D856A0181E0D8228B8D9C8D8A019B01B5
:104BD000E9E03695279517950795EA95D1F7ED8188
:104BE000E230E1F5FC01628D738D848D958D600F4F
:104BF000711F821F931F612C22E0722E6C187D089A
:104C00008614970408F434012C8126FD04C0611435
:104C1000F2E07F0671F400910801109109012091E2
:104C20000A0130910B01061717072807390709F009
:104C300053C040E00E94C42B882309F484CFC601EE
:104C40008256954FD5019C01260D371DFC012E176C
:104C50003F0709F460C041914D93F9CFFC01748086
:104C60007A947022C114D10471F471100CC0452BD8
:104C7000462B472B39F58F89988DA98DBA8D8E8358
:104C80009F83A887B987EB8DFC8D6E817F81888596
:104C900099856250710981099109258504C0660FC3
:104CA000771F881F991F2A95D2F7068517852089B7
:104CB0003189600F711F821F931F670D711D811D48
:104CC000911D99CF4E815F816885798591010E9400
:104CD000232C8111D8CF37CF750183019601AB0109
:104CE000BC0180919C0A90919D0A0E94B323882365
:104CF00009F429CFA60CB71C8A859B85AC85BD8598
:104D0000860D971DA11DB11D8A879B87AC87BD8726
:104D1000861897084ECF281B390BA20EB31EECCF76
:104D2000C20113CFFF920F931F93CF93DF931F9274
:104D3000CDB7DEB7FC0125812230C8F08C01428559
:104D400053856485758585E0769567955795479574
:104D50008A95D1F7F42FFF70FF2E41E050E0BE019D
:104D60006F5F7F4FC8010E948B25019719F090E07B
:104D700080E012C0F80182859385A485B5854F96A1
:104D8000A11DB11D82879387A487B587F0E2FF9E9E
:104D9000C00111248256954F0F90DF91CF911F9142
:104DA0000F91FF9008958F929F92AF92BF92CF92F2
:104DB000DF92EF92FF920F931F93CF93DF93EC015B
:104DC0008D8181110EC080E0DF91CF911F910F91F5
:104DD000FF90EF90DF90CF90BF90AF909F908F901B
:104DE00008950B891C892D893E890417150726070C
:104DF000370748F34A015B01823031F48A869B868B
:104E0000AC86BD8681E0E0CF81149104A104B10499
:104E100049F41E821F82188619861A861B861C86F4
:104E20001D86F0CF0A851B852C853D85EB8DFC8D7D
:104E3000858590E00996B901A801415051096109A1
:104E40007109082E04C076956795579547950A9481
:104E5000D2F775016401E1E0CE1AD108E108F1084A
:104E600004C0F694E794D794C7948A95D2F7C416F1
:104E7000D506E606F70620F0012B022B032B11F5D1
:104E80008F89988DA98DBA8D8E839F83A887B987C6
:104E90008E010A5F1F4FC114D104E104F10409F42B
:104EA000ADCF4E815F816885798598018B8D9C8D12
:104EB0000E94232C91E0C91AD108E108F108811160
:104EC000EACF81CFC41AD50AE60AF70AE1CF0F93D9
:104ED0001F93CF93DF93EC018D818823D9F18C81CF
:104EE00087FF32C061E0CE010E94E9248C01892B4A
:104EF00089F18D81823048F48B899C89AD89BE8986
:104F0000F801848F958FA68FB78F8F89988DF801C0
:104F1000938F828F8F89988DA98DBA8DB58BA48B35
:104F2000E091950AF091960A309759F0B8016A5EBF
:104F30007F4FC80148960995F801808D918D938B1C
:104F4000828B8C818F778C83DF91CF911F910F9112
:104F50000C94892B80E0DF91CF911F910F910895E0
:104F6000CF93DF93EC010E946727882311F01D8205
:104F700081E0DF91CF9108954F925F926F927F927F
:104F80008F929F92AF92BF92EF92FF920F931F93D7
:104F9000CF93DF9300D000D0CDB7DEB7FC01858181
:104FA0008130A1F080E00F900F900F900F90DF9173
:104FB000CF911F910F91FF90EF90BF90AF909F9076
:104FC0008F907F906F905F904F900895848181FFC4
:104FD000E9CF83899489A589B68984179507A6079F
:104FE000B70700F3892B8A2B8B2B09F477C04A0172
:104FF0005B017F014284538464847584CF010E94E5
:10500000D326882379F2F701838D948D811491043E
:10501000A104B10449F54789508D618D728D0E94BC
:10502000BC2E882309F4BECFF701178A108E118E8B
:10503000128EF701838A948AA58AB68A8481806851
:105040008483C7010E946727882309F4ABCFB50189
:10505000A401441655066606770610F4B301A201B2
:10506000C7010E94D3269FCF4681578160857185F5
:105070009E012F5F3F4F0E94232C882309F492CF7B
:10508000F701838D948D49815A816B817C81FC016C
:1050900027892031F1F408EF1FEF20E030E04017BE
:1050A00051076207730728F60E94BC2E882309F473
:1050B00079CFF70146815781608571850FEF1FEF2A
:1050C0002FEF3FE0838D948D0E940F2D8111B1CF82
:1050D00069CF08EF1FEF2FEF3FE0E1CF81E063CF13
:1050E000CF92DF92EF92FF921F93CF93DF93EC0169
:1050F00080E2689FF0011124E256F54F938591718B
:1051000061F0842F827449F080E0DF91CF911F918C
:10511000FF90EF90DF90CF900895142F6A8B8091CD
:10512000080190910901A0910A01B0910B018E87AD
:105130009F87A88BB98BC488D588F12CE12C760188
:10514000DD24CC24CF8AD88EE98EFA8E828D938D81
:10515000B0E0A0E0AC01BD014C295D296E297F299A
:105160004F8B588F698F7A8F8385887129F5848D4D
:10517000958DA68DB78D8B8B9C8BAD8BBE8B81E077
:105180008D83812F8F708C831E821F8218861986D3
:105190001A861B861C861D8681E016FFB6CF40E06E
:1051A00050E0BA01CE01DF91CF911F91FF90EF90B7
:1051B000DF90CF900C94BC27803109F0A5CF9E01E1
:1051C0002D5E3F4F8B8D9C8D0E94A42C882309F46B
:1051D0009BCF84E0D5CFBF92CF92DF92EF92FF9228
:1051E0000F931F93CF93DF93CDB7DEB72B970FB6F7
:1051F000F894DEBF0FBECDBFFC01358131110BC06D
:10520000C22E8B017C01BE016F5F7F4FCA010E94DD
:105210000225811102C080E0A1C0F801838D948D28
:10522000F701948F838FF8011682178210861186FA
:105230001286138614861586B12CF8018285938513
:10524000A485B5854389548965897689841795072E
:10525000A607B70788F525E0B695A7959795879592
:105260002A95D1F7F82FFF70DF2EC8010E949226F1
:10527000009789F2FC012081222341F0253E09F0AC
:1052800059C0BB2029F0BB24B394D7CFB1100EC0B6
:10529000F701D28A409108015091090160910A01F9
:1052A00070910B0146875787608B718BFC01808161
:1052B0008111E9CFBB24B3948C2D8271823109F026
:1052C000AACFBB2009F45AC061E0C7010E94E924BB
:1052D0008C01892B09F49FCF80E2F80111928A9505
:1052E000E9F78BE0FE013196D80101900D928A9585
:1052F000E1F7E091950AF091960A309709F44EC0D3
:10530000B801625F7F4FC80140960995F801808916
:105310009189938B828B918F808F86859785978BD0
:10532000868B0E94892B882309F475CF4C2DF701B9
:10533000628911C04BE050E0BC01CE0101960E9491
:105340000C42892B09F079CF8C2D80734C2D6D2D5B
:10535000803309F460CFC7010E9470282B960FB6E6
:10536000F894DEBF0FBECDBFDF91CF911F910F919B
:10537000FF90EF90DF90CF90BF900895F801858166
:10538000823009F448CFC8010E947F24882309F4A1
:1053900042CFF701128A0EE91AE09ECF81E298E22D
:1053A000F801918B808B80E098E097878687AECF5D
:1053B0002F923F924F925F926F927F928F929F9225
:1053C000AF92BF92CF92DF92EF92FF920F931F9313
:1053D000CF93DF9300D000D0CDB7DEB78C016B0147
:1053E0001A01DC0115968C911597813009F0C8C01F
:1053F00014968C9181FFC4C082FDAEC04101D801DA
:105400001A964D915D916D917C911D978114910437
:1054100009F429C15B968D919C915C97FC01748085
:105420002FEF270D2A013B0139E0769467945794BA
:1054300047943A95D1F7722E74207A01F1E0FF2259
:10544000711020C0E114F104E9F416964D915D91BC
:105450006D917C911997411551056105710509F010
:1054600098C057968D919D910D90BC91A02D00975D
:10547000A105B10509F0AFC0C8010E9458248823D6
:1054800009F47EC080E092E08E199F0954018815CE
:10549000990508F45C01D8015B964D915C915C978D
:1054A00016968D919D910D90BC91A02D0297A1090A
:1054B000B109FA01258504C0880F991FAA1FBB1FD7
:1054C0002A95D2F74685578560897189840F951F83
:1054D000A61FB71F9C01AD01270D311D411D511D98
:1054E00029013A01A11432E0B30609F07AC0809193
:1054F000080190910901A0910A01B0910B01841556
:105500009505A605B70559F48FEF9FEFDC01809351
:10551000080190930901A0930A01B0930B01960131
:10552000B301A20180919C0A90919D0A0E940324DC
:10553000882331F19EEFD91A8A189B08F8018285D9
:105540009385A485B5858A0D9B1DA11DB11D8287FC
:105550009387A487B58753CFF80143895489658918
:10556000768982859385A485B585481759076A078A
:105570007B0709F443CFC8010E94D32681113ECF97
:1055800081E090E0D80113969C938E93129780E06F
:1055900007C09E012F5F3F4F0E94232C811102C044
:1055A00090E07BC089819A81AB81BC81F801238D19
:1055B000348DF901278948EF5FEF60E070E020311A
:1055C00021F048EF5FEF6FEF7FE084179507A607A4
:1055D000B70708F051CFF80186839783A087B1877A
:1055E00051CFE114F10491F5D8011A964D915D91D6
:1055F0006D917C911D9753968D919D910D90BC91CD
:10560000A02D481759076A077B0700F10E94892BD4
:10561000882309F4B5CF40920801509209016092A5
:105620000A0170920B0180919B0A816080939B0A12
:1056300097012256354FD601C9018A0D9B1DF901EC
:105640008E179F0759F04D914193FACF41E0C30166
:10565000B2010E94C42B8111EBCF92CF821B930B1E
:10566000C80ED91E69CF14968C9114975396CD907D
:10567000DD90ED90FC905697C416D506E606F70629
:1056800018F5F801438B548B658B768B8068848387
:10569000F801848183FD25C0C1010F900F900F9008
:1056A0000F90DF91CF911F910F91FF90EF90DF90BE
:1056B000CF90BF90AF909F908F907F906F905F90B2
:1056C0004F903F902F9008952091950A3091960A1F
:1056D000232BF1F221143104D9F2806814968C93B3
:1056E000D7CFC8010E946727882309F449CFD4CFB8
:1056F000CF93DF931F92CDB7DEB7698341E050E0CF
:10570000BE016F5F7F4F0E94D8290F90DF91CF912C
:10571000089580919B0A8823A9F140910801509136
:10572000090160910A0170910B012EE93AE0809124
:105730009C0A90919D0A0E940324811102C080E07E
:1057400008954091970A5091980A6091990A709132
:105750009A0A411551056105710591F02EE93AE06B
:1057600080919C0A90919D0A0E940324882339F31A
:105770001092970A1092980A1092990A10929A0A17
:1057800010929B0A81E00895CF92DF92EF92FF92F0
:10579000CF936B017C01C42F809108019091090186
:1057A000A0910A01B0910B018C159D05AE05BF05B6
:1057B000F9F00E94892B811107C080E0CF91FF9002
:1057C000EF90DF90CF9008952EE93AE0B701A6015F
:1057D00080919C0A90919D0A0E94C323882369F3BB
:1057E000C0920801D0920901E0920A01F0920B01E7
:1057F00040919B0A4C2B40939B0A81E0DFCFCF92D4
:10580000DF92EF92FF926B017C010E94892B88232B
:10581000A9F0EEE9FAE011928CE0EE39F807D9F739
:10582000C0920801D0920901E0920A01F0920B01A6
:1058300080919B0A816080939B0A81E0FF90EF90AA
:10584000DF90CF9008958F929F92AF92BF92CF92A8
:10585000DF92EF92FF920F931F93CF93DF93FC01A0
:1058600081859285A385B4850196A11DB11D8417FC
:105870009507A607B70770F480E0DF91CF911F91DD
:105880000F91FF90EF90DF90CF90BF90AF909F90DF
:105890008F90089583889488A588B68887898031F9
:1058A00089F5BB27A72F962F852FE9016A017B0178
:1058B0008F01BC01CD01680D791D8A1D9B1D809053
:1058C000080190900901A0900A01B0900B01861682
:1058D0009706A806B90601F5F8018789803111F508
:1058E000DD24EE24FF24F601EE0FFF1FE256F54FF4
:1058F00080819181B0E0A0E088839983AA83BB83F3
:1059000081E0BBCFDB01CA01C7E0B695A7959795AB
:105910008795CA95D1F7C9CF40E00E94C42B811169
:10592000DBCFAACFE894C7F8DD24EE24FF24F601EC
:10593000EE0FFF1FEE0FFF1FE256F54F80819181A2
:10594000A281B381BF70D8CF4F925F926F927F9246
:10595000AF92BF92CF92DF92EF92FF920F931F937D
:10596000CF93DF9300D000D0CDB7DEB78C01498351
:105970005A836B837C835901C12CD12C7601412C35
:1059800082E0582E612C712C49815A816B817C8177
:105990009E012F5F3F4FC8010E94232C882339F1BD
:1059A000F8018585A301920104C0220F331F441F13
:1059B000551F8A95D2F7DA01C901C80ED91EEA1E11
:1059C000FB1E49815A816B817C818789803111F16D
:1059D00088EF9FEFAFEFBFE0481759076A077B07D3
:1059E00098F2F501C082D182E282F38281E00F90C9
:1059F0000F900F900F90DF91CF911F910F91FF901B
:105A0000EF90DF90CF90BF90AF907F906F905F90BE
:105A10004F90089588EF9FEFA0E0B0E0DDCF4F9268
:105A20005F926F927F928F929F92AF92BF92CF922E
:105A3000DF92EF92FF920F931F93CF93DF93EC01CE
:105A4000423051056105710590F480E0DF91CF91FE
:105A50001F910F91FF90EF90DF90CF90BF90AF908C
:105A60009F908F907F906F905F904F900895898561
:105A70009A85AB85BC850196A11DB11D841795073C
:105A8000A607B70710F3CB88DC88ED88FE888F89DE
:105A9000803109F042C0BB27A72F962F852F4801E0
:105AA00059012A013B01C80ED91EEA1EFB1E809136
:105AB000080190910901A0910A01B0910B01C8164B
:105AC000D906EA06FB0699F58F898031C1F5B30145
:105AD000A201552766277727440F551F4256554F79
:105AE000FA019182808280919B0A816080939B0A57
:105AF0008A89823080F08D819E81AF81B8858C0D3E
:105B00009D1DAE1DBF1D8093970A9093980AA09388
:105B1000990AB0939A0A81E099CFDB01CA01E7E0C4
:105B2000B695A79597958795EA95D1F7B8CF40E0B8
:105B3000C701B6010E94C42B8111C6CF86CFB30125
:105B4000A2014F77552766277727440F551F440F2B
:105B5000551F4256554FFA0180829182A282B3822C
:105B6000C2CF2F923F924F925F926F927F928F920D
:105B70009F92AF92BF92CF92DF92EF92FF920F93DC
:105B80001F93CF93DF93CDB7DEB72F970FB6F8945F
:105B9000DEBF0FBECDBF3C01488759876A877B8730
:105BA0003F832E83D901CD90DD90ED90FC90C11400
:105BB000D104E104F10439F0BFEFCB1ADB0AEB0AA0
:105BC000FB0A1D8210C0FC01C080D180E280F380FE
:105BD000F1E0FD83088519852A853B850130110593
:105BE0002105310571F7F30181859285A385B4857F
:105BF0008C019D010F5F1F4F2F4F3F4F0C871D875B
:105C00002E873F8746015701212C312C2101F301BA
:105C100081859285A385B485281639064A065B06D8
:105C200008F044C00C851D852E853F850815190593
:105C30002A053B0550F482E0882E912CA12CB12C32
:105C400092E0C92ED12CE12CF12C9E012F5F3F4F09
:105C5000B501A401C3010E94232C882339F1D50189
:105C6000C4010196A11DB11D49815A816B817C81BE
:105C7000452B462B472BA9F5AC01BD014C195D09FD
:105C80006E097F09088519852A853B8540175107CC
:105C90006207730741F50FEF1FEF2FEF3FE0B501EC
:105CA000A401C3010E940F2D811125C01D828D8189
:105CB0002F960FB6F894DEBF0FBECDBFDF91CF9108
:105CC0001F910F91FF90EF90DF90CF90BF90AF901A
:105CD0009F908F907F906F905F904F903F902F900C
:105CE00008956C017D011FEF211A310A410A510A02
:105CF0004C015D018CCFC814D904EA04FB0488F47C
:105D00001401250121E0221A3108410851089501AA
:105D10008401B201A101C3010E940F2D5201410172
:105D2000C3CFAE81BF814D915D916D917C91411545
:105D300051056105710561F4EE81FF81C082D18258
:105D4000E282F382FD81F1110BC001E00D83AFCF40
:105D500097018601C3010E940F2D8111EDCFA6CFBF
:105D60001FEFC11AD10AE10AF10AD301CD92DD92E7
:105D7000ED92FC9213979BCFAF92BF92CF92DF929E
:105D8000EF92FF920F931F93CF93DF9300D000D039
:105D9000CDB7DEB75C016A017B0182E090E0A0E054
:105DA000B0E0F50180839183A283B3839E012F5FCE
:105DB0003F4FB701A601C5010E94232C882381F122
:105DC00000E010E09801B701A601C5010E940F2D67
:105DD000882331F1C980DA80EB80FC80F501878966
:105DE0008031C9F088EF9FEFAFEFBFE0C816D9064A
:105DF000EA06FB06D8F281E00F900F900F900F900B
:105E0000DF91CF911F910F91FF90EF90DF90CF9096
:105E1000BF90AF90089588EF9FEFA0E0B0E0E6CF8D
:105E200080E0EACF8F929F92AF92BF92CF92DF92A3
:105E3000EF92FF920F931F93CF93DF93EC01142FF8
:105E400070939D0A60939C0A442309F478C04530FE
:105E500070F080E0DF91CF911F910F91FF90EF9054
:105E6000DF90CF90BF90AF909F908F90089540E0CB
:105E700060E070E0CB010E94C42B882351F3812F96
:105E80008150990BAC0164E0440F551F6A95E1F70E
:105E90004256554FFA01E254FE4F80818F77C9F682
:105EA0003C9680819181A281B38184369105A105C0
:105EB000B10578F24A535E4FFA01C080D180E2808A
:105EC000F380C114D104E104F10419F240E0C701E8
:105ED000B6010E94C42B882309F4BBCF8091A90A84
:105EE0009091AA0A8115924009F0B3CF9091AE0A21
:105EF000992309F4AECF2091AC0A3091AD0A232B3F
:105F000009F4A7CF8091AB0A882309F4A2CF9A8B1A
:105F10008C831D8690E041E050E02D85E22FBA0190
:105F2000022E02C0660F771F0A94E2F786179707C2
:105F300051F031E0320F3D87283078F38ACFC12C01
:105F4000D12C7601C3CF2091B40A3091B50A50E02C
:105F500040E02115310541F42091C20A3091C30A75
:105F60004091C40A5091C50A2D833E834F835887C0
:105F70008091AC0A9091AD0A46015701880E991E96
:105F8000A11CB11C8B8A9C8AAD8ABE8A0091AF0A83
:105F90001091B00A198F088FA091AE0AB0E00E944C
:105FA000DD3FDC01CB01880D991DAA1DBB1D8A8F29
:105FB0009B8FAC8FBD8F25E0000F111F2A95E1F755
:105FC00001501E4F012F11270695800F911FA11D13
:105FD000B11D8E879F87A88BB98B0091B10A109154
:105FE000B20A30E020E00115110541F40091BE0A2B
:105FF0001091BF0A2091C00A3091C10AC81AD90A6B
:10600000EA0AFB0AC00ED11EE21EF31E04C0F6947B
:10601000E794D794C794EA95D2F7C986DA86EB86D7
:10602000FC868CE025EFC2162FE0D206E104F104D5
:1060300040F085EFC8168FEFD806E104F10420F494
:1060400080E18F8B81E006CF8091CA0A9091CB0AC4
:10605000A091CC0AB091CD0A8A8F9B8FAC8FBD8F57
:1060600080E2EFCFCF93CFB7F8948091A10C81114C
:1060700027C0EAEDF1E08491EAEBF1E09491E82F9A
:10608000F0E0EE0FFF1FE65FFD4FA591B491EC919C
:10609000E92321F461E084E00E94613D61E084E055
:1060A0000E94253D8CB580618CBD8CB580648CBD13
:1060B00061E087E00E94253D61E085E00E94253D8A
:1060C0008091A10C8F5F8093A10CCFBFCF910895D9
:1060D000CF93DF93EC016A818A8D9B8D0E94A71A72
:1060E0008A8D9B8D0E942F1B282F30E021153105B2
:1060F00011F084E8898F81E0232B09F080E0DF91A3
:10610000CF910895CF92DF92EF92FF920F931F935A
:10611000CF93DF93EC01F62EE42EC52E462F6A8135
:106120008A8D9B8D0E94291B8F111FC0DE2C0E2D86
:106130001C2D802F8D198F1568F48A8D9B8DDC01A5
:10614000ED91FC910284F385E02D0995F80181938E
:106150008F01EFCF198E81E0DF91CF911F910F91C9
:10616000FF90EF90DF90CF90089582E8898F80E0D4
:10617000F3CFDC01ED91FC910190F081E02D0994C9
:106180000F931F93CF93DF93EC018B016A818A8D6C
:106190009B8D0E94A71A612F70E08A8D9B8D0E94B3
:1061A000B930B80177278A8D9B8D0E94B9308A8DCE
:1061B0009B8D0E942F1B882341F081E8898F80E00E
:1061C000DF91CF911F910F910895198E81E0F8CF43
:1061D000FC018FE693E0918380836283538F428F2B
:1061E0001482158216821782108E178A168A158AD3
:1061F00013821486158616861786108A118A128ACB
:10620000138A148A118E0895CF93DC01ED91FC91CD
:106210000280F381E02D61110FC062EA70E30995FD
:10622000C82F882331F061E070E080E090E00E94A8
:10623000773C8C2FCF91089566E070E0F0CFFC01A1
:1062400092819454923020F460E0CF010C94043198
:1062500080E00895FB018FEF21E3442369F09191E1
:10626000892798E087FF06C0880F82279150D1F7D1
:106270004150F3CF880FFACF0895EF92FF920F931A
:106280001F93CF93DF9300D000D000D0CDB7DEB7FF
:106290008C01E62EDC01ED91FC910480F581E02D6E
:1062A000AE014F5F5F4F66E00995F82E882381F0BD
:1062B000E1102BC0EB8042E0BE016F5F7F4FC80151
:1062C0000E942A31E81691F085E8F801818FF12CBF
:1062D0008F2D26960FB6F894DEBF0FBECDBFDF918F
:1062E000CF911F910F91FF90EF900895EE8042E0C3
:1062F000BE016C5F7F4FC8010E942A31E81629F069
:1063000086E8D80159968C93E2CF898190E0982F46
:1063100088272A81820F911DF801908F878B8C81AD
:1063200090E0982F88272D81820F911D968B858B69
:106330000E94463CD80114966D937D938D939C9357
:106340001797C6CF1F93CF93DF93EC01162FE881E9
:10635000F9810280F381E02D60E074E2112311F0F5
:1063600066E174E2CE010995882399F06FE070E050
:1063700080E090E0112321F064E070E080E090E0A4
:106380000E94773C612FCE01DF91CF911F910C9439
:106390003D3180E0DF91CF911F910895FC01608332
:1063A00052AF41AF88E0818389E19CEFAFEFBFEF4F
:1063B00082839383A483B58386839783A087B187E1
:1063C000938B828B10AA11AA12AA13AA14AA15AA37
:1063D00016AA17AA1286138614861586168617869D
:1063E000108A118A81E080AF0895CF93DF93EC018A
:1063F000688189AD9AAD0E94A71A89AD9AAD0E94B5
:106400002F1B91E0811190E0892FDF91CF910895AA
:106410008F929F92AF92BF92CF92DF92EF92FF92B4
:10642000FC0186849784A088B1886281738184810D
:1064300095810E94623E2AE037ED43E25CE30E94D0
:10644000123F6B017C0120E030E0A901C501B401DD
:106450000E94253E882341F0A5019401C701B601A1
:106460000E94B93D6B017C01C701B601FF90EF901E
:10647000DF90CF90BF90AF909F908F9008958F92B4
:106480009F92AF92BF92CF92DF92EF92FF92FC0168
:1064900082849384A484B584668177818085918584
:1064A0000E94623E2AE037ED43E25CE30E94123F25
:1064B0006B017C0120E030E0A901C501B4010E941C
:1064C000253E882341F0A5019401C701B6010E9431
:1064D000B93D6B017C01C701B601FF90EF90DF90E1
:1064E000CF90BF90AF909F908F9008951F93CF93C0
:1064F000DF93EC01162F0E94EB3B688189AD9AADCA
:106500000E94A71A89AD9AADDC01ED91FC91019032
:10651000F081E02D612F099589AD9AAD0E942F1B66
:1065200090E09B8B8A8BDF91CF911F9108958F9282
:106530009F92AF92BF92CF92DF92EF92FF921F9302
:10654000CF93DF93CDB7DEB72A970FB6F894DEBFAF
:106550000FBECDBF4D30B0F14CE018EF140F212F1E
:10656000220F620F0E9476328AE0E8E1F1E0DE015C
:10657000119601900D928A95E1F7412F50E0440F5A
:10658000551F81E090E08C0F9D1F480F591FFA01A5
:10659000C080D1800E94523C4B015C01F12CE12C67
:1065A0000E94523C681979098A099B096C157D057E
:1065B0008E059F0558F40E94EB3B8AE090E00E9414
:1065C000B03CEECF483048F648E0C7CF2A960FB629
:1065D000F894DEBF0FBECDBFDF91CF911F91FF902A
:1065E000EF90DF90CF90BF90AF909F908F900895E5
:1065F0000F931F93CF93DF93683038F090E080E0E3
:10660000DF91CF911F910F910895EC01660F6056B5
:106610000E9476328A899B89892B81F742E06881C2
:1066200089AD9AAD0E94291B823040F389AD9AADA5
:10663000DC01ED91FC910284F385E02D099500E0E9
:10664000182F89AD9AADDC01ED91FC910284F385A0
:10665000E02D0995800F911FD3CF8F929F92AF921B
:10666000BF92CF92DF92EF92FF92CF93DF93EC0134
:1066700060E00E9476328A899B89892B71F060E004
:1066800070E0CB01DF91CF91FF90EF90DF90CF9042
:10669000BF90AF909F908F90089543E0688189AD3F
:1066A0009AAD0E94291B833050F389AD9AADDC016D
:1066B000ED91FC910284F385E02D0995092E000CE3
:1066C000AA0BBB0B5C019924882489AD9AADDC012F
:1066D000ED91FC910284F385E02D09956C01990FF1
:1066E000EE08FF08FE2CED2CDC2CCC24C80CD91CA9
:1066F000EA1CFB1C89AD9AADDC01ED91FC91028492
:10670000F385E02D0995BC01990F880B990B6C0D51
:106710007D1D8E1D9F1DB6CF4F925F926F927F920F
:106720008F929F92AF92BF92CF92DF92EF92FF92A1
:106730000F931F93CF93DF93CDB7DEB766970FB656
:10674000F894DEBF0FBECDBF9E8B8D8BF62E462FED
:1067500060E40E949732ED89FE8902891389011550
:10676000110509F043C1CF010E942D336D877E874B
:106770008F87988BED89FE89028913890115110590
:1067800009F034C14F2D60E5CF010E949732ED89A9
:10679000FE89028913890115110509F027C1CF016E
:1067A0000E942D33ED89FE89028913890115110597
:1067B00009F01CC10E94603EED89FE8920A531A52B
:1067C00042A553A50E94B83D6B017C01ED89FE896D
:1067D00024A535A546A557A50E94123F20E030E02C
:1067E0004AEF54E40E94B93D0E942A3E4B015C01ED
:1067F000ED89FE8982829382A482B58224A135A18B
:1068000046A157A1C701B6010E94123FED89FE893A
:10681000248D358D468D578D0E94B93D2B013C014D
:10682000ED89FE8920A131A142A153A1C701B60182
:106830000E94123FED89FE89208D318D428D538D4E
:106840000E94B93D69837A838B839C83ED89FE899D
:1068500080AD882309F49EC0F0ED8F16F7E09F0607
:10686000A104B1040CF096C0A7019601C701B601BE
:106870000E94123F20E030E040E050E30E94123FCF
:10688000698B7A8B8B8B9C8BC501B401605D7740E3
:10689000810991099B01AC010E947F3F0E94623EE9
:1068A0006B017C0120E030E040E250E40E94123FA6
:1068B0006D837E838F83988720E030E040EA5FE33A
:1068C000C701B6010E94123F6B017C0184E2881669
:1068D0008AEF98068FEFA806B806A4F5C501B401A3
:1068E00064527A4F8F4F9F4F9B01AC010E947F3FB4
:1068F0000E94623E69877A878B879C8720E030E020
:1069000040EE50E40E94123F9B01AC016D817E81FC
:106910008F8198850E94B93D6D837E838F83988790
:1069200020E030E040EB50E469857A858B859C85DA
:106930000E94123F9B01AC01C701B6010E94B93D04
:106940006B017C01C501B4010E94623E29893A892C
:106950004B895C890E94B83D0E942A3EED89FE89E0
:1069600062837383848395832D813E814F81588513
:10697000C301B2010E94B83D2B013C01A701960161
:1069800069817A818B819C810E94B83D69837A8379
:106990008B839C836D857E858F8598890E94603E60
:1069A00029813A814B815C810E94123F20E030E0D6
:1069B00040E055E30E94123FA30192010E94B83DBE
:1069C00020E030E040E058E30E94123F0E942A3E5F
:1069D000ED89FE8966837783808791870E94463C94
:1069E000ED89FE8960AB71AB82AB93ABC801669653
:1069F0000FB6F894DEBF0FBECDBFDF91CF911F91D0
:106A00000F91FF90EF90DF90CF90BF90AF909F904D
:106A10008F907F906F905F904F900895CF92DF920C
:106A2000EF92FF92FC01262F80E090E0A0E8BFE308
:106A3000848B958BA68BB78B80E090E0A0E0B7E4C9
:106A4000808F918FA28FB38F40E050E060E877E4B1
:106A5000448F558F668F778F80E090E0A0E8BBE38E
:106A600080A391A3A2A3B3A380E090E0A0E0BCE345
:106A700084A395A3A6A3B7A3C12CD12C30E8E32E01
:106A800033E4F32EC0A6D1A6E2A6F3A6C12CD12CE6
:106A9000E12C34E3F32EC4A6D5A6E6A6F7A6213052
:106AA000C1F4408F518F628F738F40E050E060E0FF
:106AB00078E4448F558F668F778F80A391A3A2A32C
:106AC000B3A380E090E0A0E8BCE384A395A3A6A3D1
:106AD000B7A3FF90EF90DF90CF9008952F923F9251
:106AE0004F925F926F927F928F929F92AF92BF92DE
:106AF000CF92DF92EF92FF920F931F93CF93DF938A
:106B0000EC01162F6EE10E9476320E94523C6B011E
:106B10007C010E94523C6C197D098E099F09683BDB
:106B20007B408105910538F40E94EB3B8AE090E0C0
:106B30000E94B03CEECF612FCE010E940E358E0137
:106B40000C5E1F4F312C22242394632DCE010E9412
:106B5000F8327C01F80181909190A190B1908F0161
:106B60006F01F4E0CF1AD1082C01712C612CC30104
:106B7000B7010E94603EA50194010E94123FF601F8
:106B800060837183828393838CA99DA9AEA9BFA9D9
:106B900024E0880F991FAA1FBB1F2A95D1F78E25C5
:106BA0009525A625B7258CAB9DABAEABBFAB3320EF
:106BB00039F0222029F022242394EF2809F4212CF3
:106BC0003394F7E03F12C1CF822DDF91CF911F9117
:106BD0000F91FF90EF90DF90CF90BF90AF909F907C
:106BE0008F907F906F905F904F903F902F9008957F
:106BF000CF93DF93FC0120812657223058F4EC011B
:106C00000E94F531882331F060E0CE01DF91CF9111
:106C10000C946E3580E0DF91CF910895FC01918D49
:106C2000228D892F90E0805C9F4F821B91098F738A
:106C300099270895FC01918D828D981731F0828DEE
:106C4000E80FF11D858D90E008958FEF9FEF089577
:106C5000FC01918D828D981761F0A28DAE0FBF2F30
:106C6000B11D5D968C91928D9F5F9F73928F90E086
:106C700008958FEF9FEF0895FC01538D448D252FCC
:106C800030E0842F90E0821B930B541710F0CF96C6
:106C900008950197089587EA97E3892B49F080E0EA
:106CA00090E0892B29F00E94A73781110E940000F3
:106CB0008EE398E3892B49F080E090E0892B29F05E
:106CC0000E943E3881110C9400000895FC01A48DAF
:106CD000A80FB92FB11DA35ABF4F2C91848D90E0FE
:106CE00001968F739927848FA689B7892C93A089E1
:106CF000B1898C91837080648C93938D848D98136B
:106D000006C00288F389E02D80818F7D80830895FD
:106D1000CF93DF93EC01888D8823B9F0AA89BB89D2
:106D2000E889F9898C9185FD03C0808186FD0DC0BD
:106D30000FB607FCF7CF8C9185FFF2CF808185FFDE
:106D4000EDCFCE010E946636E9CFDF91CF91089555
:106D5000EF92FF920F931F93CF93DF93EC0181E0AB
:106D6000888F9B8D8C8D98131AC0E889F989808152
:106D700085FF15C09FB7F894EE89FF896083E88985
:106D8000F98980818370806480839FBF81E090E077
:106D9000DF91CF911F910F91FF90EF900895F62E04
:106DA0000B8D10E00F5F1F4F0F731127E02E8C8D9E
:106DB0008E110CC00FB607FCFACFE889F9898081E3
:106DC00085FFF5CFCE010E946636F1CFEB8DEC0F3B
:106DD000FD2FF11DE35AFF4FF0829FB7F8940B8F00
:106DE000EA89FB8980818062CFCFCF92DF92EF92D8
:106DF000FF921F93CF93DF93EC016A017B01122F67
:106E000060E874E88EE190E0A70196010E94A33F3C
:106E100021503109410951095695479537952795D4
:106E2000E889F98982E08083211580E1380798F0AC
:106E3000E889F989108260E472E48FE090E0A701AC
:106E400096010E94A33F21503109410951095695ED
:106E5000479537952795EC85FD853083EE85FF8531
:106E60002083188EEC89FD891083EA89FB89808153
:106E700088698083EA89FB8980818F7D8083DF91A7
:106E8000CF911F91FF90EF90DF90CF9008951F92C8
:106E90000F920FB60F9211240BB60F922F938F9370
:106EA0009F93EF93FF93E091B20CF091B30C80812C
:106EB000E091B80CF091B90C82FD1DC090818091D9
:106EC000BB0C8F5F8F732091BC0C821741F0E09157
:106ED000BB0CF0E0EE55F34F958F8093BB0CFF9108
:106EE000EF919F918F912F910F900BBE0F900FBE3E
:106EF0000F901F9018958081F2CF1F920F920FB6BE
:106F00000F9211240BB60F922F933F934F935F93E1
:106F10006F937F938F939F93AF93BF93EF93FF9361
:106F200082EA9CE00E946636FF91EF91BF91AF919B
:106F30009F918F917F916F915F914F913F912F9191
:106F40000F900BBE0F900FBE0F901F90189582EA06
:106F50009CE00E940E3621E0892B09F420E0822F6C
:106F60000895E2EAFCE01382128288EE93E0A0E04A
:106F7000B0E084839583A683B78389E793E0918308
:106F8000808385EC90E09587848784EC90E09787F8
:106F9000868780EC90E0918B808B81EC90E0938BE6
:106FA000828B82EC90E0958B848B86EC90E0978BC3
:106FB000868B118E128E138E148E08951F920F924F
:106FC0000FB60F9211240BB60F922F938F939F93AE
:106FD000EF93FF93E0914F0DF091500D8081E09180
:106FE000550DF091560D82FD1DC090818091580D78
:106FF0008F5F8F732091590D821741F0E091580DEA
:10700000F0E0E15CF24F958F8093580DFF91EF9186
:107010009F918F912F910F900BBE0F900FBE0F90ED
:107020001F9018958081F2CF1F920F920FB60F928A
:1070300011240BB60F922F933F934F935F936F934F
:107040007F938F939F93AF93BF93EF93FF938FE3C0
:107050009DE00E946636FF91EF91BF91AF919F91A5
:107060008F917F916F915F914F913F912F910F90F1
:107070000BBE0F900FBE0F901F9018958FE39DE0F1
:107080000E940E3621E0892B09F420E0822F08951A
:10709000EFE3FDE01382128288EE93E0A0E0B0E01F
:1070A00084839583A683B78389E793E09183808364
:1070B0008DEC90E0958784878CEC90E097878687AD
:1070C00088EC90E0918B808B89EC90E0938B828BA5
:1070D0008AEC90E0958B848B8EEC90E0978B868B7E
:1070E000118E128E138E148E0895AF92BF92CF928E
:1070F000DF92EF92FF920F931F93CF93DF936C0178
:107100007B018B01040F151FEB015E01AE18BF0858
:10711000C017D10759F06991D601ED91FC9101900A
:10712000F081E02DC6010995892B79F7C501DF9122
:10713000CF911F910F91FF90EF90DF90CF90BF9074
:10714000AF900895FB0101900020E9F73197AF015E
:10715000461B570BDC01ED91FC910280F381E02D81
:107160000994DB0114964D915C9115976D917C917A
:10717000DC01ED91FC910280F381E02D0994611511
:10718000710511F00C94A23890E080E00895DC01C4
:10719000ED91FC910190F081E02D09946BE871E094
:1071A0000C94A2380F931F93CF93DF93EC010E94AE
:1071B000B1388C01CE010E94CE38800F911FDF9133
:1071C000CF911F910F9108950F931F93CF93DF934A
:1071D0008C01D0E0C0E06115710519F00E94A23861
:1071E000EC01C8010E94CE388C0F9D1FDF91CF911A
:1071F0001F910F9108958F929F92AF92BF92EF923D
:10720000FF920F931F93CF93DF93CDB7DEB7A19774
:107210000FB6F894DEBF0FBECDBF7C01FA01CB01E3
:1072200019A2223008F42AE08E010F5D1F4F822E32
:10723000912CB12CA12CBF01A50194010E94A33F68
:10724000F901CA016A300CF5605DD8016E938D01B9
:10725000232B242B252B79F790E080E0109721F049
:10726000BD01C7010E94A238A1960FB6F894DEBFF7
:107270000FBECDBFDF91CF911F910F91FF90EF9087
:10728000BF90AF909F908F900895695CDECF2115DD
:10729000310541F4DC01ED91FC910190F081E02D8C
:1072A000642F09940C94FB389A01462F50E070E04B
:1072B00060E00C9447390F931F93CF93DF93EC0159
:1072C0000E9454398C01CE010E94CE38800F911F4C
:1072D000DF91CF911F910F9108959A01AB0170E05A
:1072E00060E00C9447390F931F93CF93DF93EC0129
:1072F0000E9447398C01CE010E94CE38800F911F29
:10730000DF91CF911F910F910895FC0180819181B0
:10731000009711F00C94A2400895CF93DF93EC01F5
:1073200088819981009711F00E94A24019821882E9
:107330001D821C821B821A82DF91CF9108950F93C8
:107340001F93CF93DF93EC018B016F5F7F4F888199
:1073500099810E942B41009751F0998388831B8368
:107360000A8381E0DF91CF911F910F91089580E012
:10737000F9CFCF93DF93EC0188819981892B49F074
:107380008A819B818617970720F081E0DF91CF915A
:107390000895CE010E949F398823C1F38C819D817D
:1073A000892B99F7E881F9811082EFCFEF92FF9254
:1073B0000F931F93CF93DF93EC017B018A01BA01F6
:1073C0000E94B93981110BC0CE010E948D39CE01C6
:1073D000DF91CF911F910F91FF90EF9008951D8342
:1073E0000C83B701888199810E942D42F0CFFC0166
:1073F0001182108213821282158214826115710526
:1074000051F0FB0101900020E9F73197AF01461BD5
:10741000570B0C94D6390895FB0101900020E9F731
:107420003197AF01461B570B0C94D6390F931F931E
:10743000CF93DF93CDB7DEB729970FB6F894DEBFB1
:107440000FBECDBF8C01862FF801118210821382EE
:1074500012821582148250E0BE016F5F7F4F90E070
:107460000E948642BE016F5F7F4FC8010E940C3AA6
:1074700029960FB6F894DEBF0FBECDBFDF91CF9136
:107480001F910F9108950F931F93CF93DF93CDB763
:10749000DEB762970FB6F894DEBF0FBECDBF8C018A
:1074A000CB01F8011182108213821282158214829C
:1074B00050E0BE016F5F7F4F0E944342BE016F5F8D
:1074C0007F4FC8010E940C3A62960FB6F894DEBF57
:1074D0000FBECDBFDF91CF911F910F9108950F93F4
:1074E0001F93CF93DF93CDB7DEB761970FB6F894B4
:1074F000DEBF0FBECDBF8C01CB01F801118210821F
:10750000138212821582148250E0BE016F5F7F4F9A
:107510000E948642BE016F5F7F4FC8010E940C3AF5
:1075200061960FB6F894DEBF0FBECDBFDF91CF914D
:107530001F910F9108950F931F93CF93DF93CDB7B2
:10754000DEB7A1970FB6F894DEBF0FBECDBF8C019A
:10755000CB01BA01F80111821082138212821582C6
:10756000148230E0AE014F5F5F4F0E945942BE016E
:107570006F5F7F4FC8010E940C3AA1960FB6F89436
:10758000DEBF0FBECDBFDF91CF911F910F91089548
:10759000CF93DF93EC01FB018617970749F06081D9
:1075A00071816115710541F0448155810E94D63980
:1075B000CE01DF91CF9108950E948D39F9CFFC0162
:1075C0001182108213821282158214820C94C83A9E
:1075D000CF93DF93EC016115710531F00E940C3AF5
:1075E000CE01DF91CF9108950E948D39F9CFEF92AE
:1075F000FF920F931F93CF93DF93CDB7DEB7A19781
:107600000FB6F894DEBF0FBECDBF7C01CB01BA012F
:10761000F70111821082138212821582148242E0D5
:10762000420F8E010F5F1F4F0E94E83FBC01C70150
:107630000E94E83AA1960FB6F894DEBF0FBECDBF08
:10764000DF91CF911F910F91FF90EF900895EF92EE
:10765000FF920F931F93CF93DF93CDB7DEB7A19720
:107660000FB6F894DEBF0FBECDBF7C01CB01BA01CF
:10767000F70111821082138212821582148242E075
:10768000420F8E010F5F1F4F0E94E83FBC01C701F0
:107690000E94E83AA1960FB6F894DEBF0FBECDBFA8
:1076A000DF91CF911F910F91FF90EF900895EF928E
:1076B000FF920F931F93CF93DF936115710541F4F0
:1076C00080E0DF91CF911F910F91FF90EF9008958F
:1076D00041155105B1F07B01EC010C811D81040FB6
:1076E000151FB8010E94B939882351F328813981C7
:1076F0008C819D81B701820F931F0E942D421D83B3
:107700000C8381E0DECFFB01448155816081718172
:107710000C94573B6115710551F0FB01019000205D
:10772000E9F73197AF01461B570B0C94573B80E0AC
:107730000895CF93DF9300D0CDB7DEB769831A8267
:1077400041E050E0BE016F5F7F4F0E94573B0F90BA
:107750000F90DF91CF910895CF93DF93EC01FB0160
:1077600044815581608171810E94573B811103C022
:10777000CE010E948D39CE01DF91CF910895CF9334
:10778000DF93EC016115710539F4CE010E948D394A
:10779000CE01DF91CF910895FB0101900020E9F720
:1077A0003197AF01461B570B0E94573B882369F363
:1077B000EFCFFC01248135816217730720F48081AB
:1077C0009181009729F41092DC0D8CED9DE00895D5
:1077D000860F971F0895089508950E94BB3C0E944C
:1077E000EC3B0E94E70FCBE4D6E30E942B0A2097E4
:1077F000E1F30E944B36F9CF1F920F920FB60F9212
:1078000011242F933F938F939F93AF93BF938091B6
:10781000E20D9091E30DA091E40DB091E50D309152
:10782000E10D26E0230F2D3768F129E8230F039699
:10783000A11DB11D2093E10D8093E20D9093E30D06
:10784000A093E40DB093E50D8091DD0D9091DE0DD8
:10785000A091DF0DB091E00D0196A11DB11D8093A7
:10786000DD0D9093DE0DA093DF0DB093E00DBF9181
:10787000AF919F918F913F912F910F900FBE0F90DD
:107880001F9018950296A11DB11DD4CF2FB7F89463
:107890006091E20D7091E30D8091E40D9091E50D02
:1078A0002FBF08953FB7F8948091DD0D9091DE0DC4
:1078B000A091DF0DB091E00D26B5A89B05C02F3F2C
:1078C00019F00196A11DB11D3FBFBA2FA92F982F06
:1078D0008827BC01CD01620F711D811D911D43E000
:1078E000660F771F881F991F4A95D1F708958F92C9
:1078F0009F92AF92BF92CF92DF92EF92FF926B0175
:107900007C010E94523C4B015C01C114D104E10492
:10791000F104E9F00E94EB3B0E94523C681979099E
:107920008A099B09683E73408105910570F321E047
:10793000C21AD108E108F10888EE880E83E0981E8B
:10794000A11CB11CC114D104E104F10429F7FF907A
:10795000EF90DF90CF90BF90AF909F908F90089561
:10796000000000008330910528F0880F991F0597CB
:107970000197F1F70895789484B5836084BD85B547
:10798000836085BDEEE6F0E0808181608083E1E880
:10799000F0E082E08083808181608083E0E8F0E035
:1079A000808181608083E1EBF0E08081846080836E
:1079B000E0EBF0E0808181608083E1E9F0E08081AC
:1079C00083608083E0E9F0E080818160808386E8E5
:1079D00080937A001092C100089582508A3088F511
:1079E000E82FF0E0EA50F34C0C94C53F1E3D223DD9
:1079F000003D063D213D213D0A3D103D143D1A3D0F
:107A0000809180008F77809380000895809180001E
:107A10008F7DF9CF8091B0008F778093B00008956B
:107A20008091B0008F7DF9CF809190008F77809307
:107A300090000895809190008F7DF9CF84B58F7765
:107A400084BD089584B58F7DFBCFCF93DF9390E005
:107A5000FC01EA54FE4F24918A529E4FFC0184910E
:107A60008823C9F090E0880F991FFC01E65FFD4F65
:107A7000A591B491FC01E050FE4FC591D4916111E4
:107A80000DC09FB7F8948C91209582238C938881A8
:107A9000282328839FBFDF91CF910895623051F44E
:107AA0009FB7F8943C91822F809583238C93E88133
:107AB0002E2BEFCF8FB7F894EC912E2B2C938FBFFA
:107AC000EACF1F93CF93DF93282F30E0F901EA56D6
:107AD000FE4F8491F901EA54FE4FD491F901EA5224
:107AE000FE4FC491CC23A9F0162F81110E94ED3CCA
:107AF000EC2FF0E0EE0FFF1FE050FE4FA591B49188
:107B00008FB7F894EC91111108C0D095DE23DC9367
:107B10008FBFDF91CF911F910895DE2BF8CFCF93C8
:107B2000DF93282F30E0F901EA56FE4F8491F901E6
:107B3000EA54FE4FD491F901EA52FE4FC491CC238E
:107B4000A1F081110E94ED3CEC2FF0E0EE0FFF1F41
:107B5000EA50FE4FA591B491EC91ED2381E090E0C5
:107B600009F480E0DF91CF91089580E090E0FACFB2
:107B70005058BB27AA270E94D03D0C94D83E0E94A3
:107B8000CA3E38F00E94D13E20F039F49F3F19F4EC
:107B900026F40C94C73E0EF4E095E7FB0C94C13E2E
:107BA000E92F0E94E93E58F3BA176207730784076A
:107BB000950720F079F4A6F50C940B3F0EF4E095B0
:107BC0000B2EBA2FA02D0B01B90190010C01CA0197
:107BD000A0011124FF27591B99F0593F50F4503E42
:107BE00068F11A16F040A22F232F342F4427585F34
:107BF000F3CF469537952795A795F0405395C9F74C
:107C00007EF41F16BA0B620B730B840BBAF0915003
:107C1000A1F0FF0FBB1F661F771F881FC2F70EC0A2
:107C2000BA0F621F731F841F48F487957795679575
:107C3000B795F7959E3F08F0B0CF9395880F08F061
:107C40009927EE0F9795879508950E949D3E08F419
:107C500081E008950E94313E6894B1110C940C3F6C
:107C600008950E94F13E88F09F5798F0B92F992708
:107C7000B751B0F0E1F0660F771F881F991F1AF017
:107C8000BA95C9F714C0B13091F00E940B3FB1E032
:107C900008950C940B3F672F782F8827B85F39F031
:107CA000B93FCCF3869577956795B395D9F73EF4B0
:107CB00090958095709561957F4F8F4F9F4F089558
:107CC000E89409C097FB3EF4909580957095619576
:107CD0007F4F8F4F9F4F9923A9F0F92F96E9BB272C
:107CE0009395F695879577956795B795F111F8CFA8
:107CF000FAF4BB0F11F460FF1BC06F5F7F4F8F4F13
:107D00009F4F16C0882311F096E911C0772321F008
:107D10009EE8872F762F05C0662371F096E8862FA0
:107D200070E060E02AF09A95660F771F881FDAF7F7
:107D3000880F9695879597F90895990F0008550F24
:107D4000AA0BE0E8FEEF16161706E807F907C0F0E1
:107D500012161306E407F50798F0621B730B840BE9
:107D6000950B39F40A2661F0232B242B252B21F4C3
:107D700008950A2609F4A140A6958FEF811D811D63
:107D8000089597F99F6780E870E060E008959FEF9D
:107D900080EC089500240A941616170618060906A2
:107DA000089500240A941216130614060506089571
:107DB000092E0394000C11F4882352F0BB0F40F4F9
:107DC000BF2B11F460FF04C06F5F7F4F8F4F9F4F39
:107DD000089557FD9058440F551F59F05F3F71F0BB
:107DE0004795880F97FB991F61F09F3F79F0879522
:107DF0000895121613061406551FF2CF4695F1DFAB
:107E000008C0161617061806991FF1CF869571053A
:107E1000610508940895E894BB2766277727CB016E
:107E200097F908950E94253F0C94D83E0E94CA3EBF
:107E300038F00E94D13E20F0952311F00C94C13E01
:107E40000C94C73E11240C940C3F0E94E93E70F341
:107E5000959FC1F3950F50E0551F629FF001729FEF
:107E6000BB27F00DB11D639FAA27F00DB11DAA1FFE
:107E7000649F6627B00DA11D661F829F2227B00D4B
:107E8000A11D621F739FB00DA11D621F839FA00DD6
:107E9000611D221F749F3327A00D611D231F849F26
:107EA000600D211D822F762F6A2F11249F5750407D
:107EB0009AF0F1F088234AF0EE0FFF1FBB1F661FF8
:107EC000771F881F91505040A9F79E3F510580F0C1
:107ED0000C94C13E0C940C3F5F3FE4F3983ED4F306
:107EE000869577956795B795F795E7959F5FC1F765
:107EF000FE2B880F911D9695879597F90895DB01C4
:107F00008F939F930E94DD3FBF91AF91A29F800D01
:107F1000911DA39F900DB29F900D11240895AA1B4F
:107F2000BB1B51E107C0AA1FBB1FA617B70710F064
:107F3000A61BB70B881F991F5A95A9F78095909596
:107F4000BC01CD010895A1E21A2EAA1BBB1BFD01A5
:107F50000DC0AA1FBB1FEE1FFF1FA217B307E40728
:107F6000F50720F0A21BB30BE40BF50B661F771F80
:107F7000881F991F1A9469F7609570958095909560
:107F80009B01AC01BD01CF010895EE0FFF1F00243E
:107F9000001C0BBE0790F691E02D0994A29FB00142
:107FA000B39FC001A39F700D811D1124911DB29F2D
:107FB000700D811D1124911D08950E94CE3FA59F33
:107FC000900DB49F900DA49F800D911D11240895D4
:107FD000EF920F931F93CF93DF93E80134E047FDB7
:107FE00034E1042E000C550B57FF03C05195419509
:107FF0005109E32E022F242FAE010E94AB42CE0185
:10800000DF91CF911F910F91EF9008950F931F93E0
:10801000CF93DF938230910510F482E090E0E091FD
:10802000E80DF091E90D30E020E0B0E0A0E03097FD
:1080300099F42115310509F44AC0281B390B243065
:108040003105D8F58A819B816115710589F1FB01A4
:1080500093838283FE0111C040815181028113818B
:1080600048175907E0F04817590799F4109761F03D
:1080700012960C93129713961C933296CF01DF91B0
:10808000CF911F910F9108950093E80D1093E90D82
:10809000F4CF2115310551F04217530738F0A901EB
:1080A000DB019A01BD01DF01F801C1CFEF01F9CF7A
:1080B0009093E90D8093E80DCDCFFE01E20FF31F01
:1080C000819391932250310939832883D7CF20910E
:1080D000E60D3091E70D232B41F420910201309100
:1080E00003013093E70D2093E60D209100013091BC
:1080F00001012115310541F42DB73EB7409104012E
:1081000050910501241B350BE091E60DF091E70D30
:10811000E217F307A0F42E1B3F0B2817390778F05E
:10812000AC014E5F5F4F2417350748F04E0F5F1FBD
:108130005093E70D4093E60D819391939FCFF0E02C
:10814000E0E09CCFCF93DF930097E9F0FC013297FA
:1081500013821282A091E80DB091E90DED0130E09B
:1081600020E01097A1F420813181820F931F20918C
:10817000E60D3091E70D2817390709F061C0F0933B
:10818000E70DE093E60DDF91CF910895EA01CE1758
:10819000DF07E8F54A815B819E0141155105B1F782
:1081A000E901FB83EA8349915991C40FD51FEC176C
:1081B000FD0761F4808191810296840F951FE9018A
:1081C00099838883828193819B838A83F0E0E0E0B6
:1081D00012968D919C9113970097B9F52D913C9132
:1081E0001197CD010296820F931F2091E60D3091D9
:1081F000E70D2817390739F6309751F51092E90D38
:108200001092E80DB093E70DA093E60DBCCFD38399
:10821000C28340815181840F951FC817D90761F42B
:108220004E5F5F4F88819981480F591F518340836A
:108230008A819B81938382832115310509F0B0CF18
:10824000F093E90DE093E80D9ECFFD01DC01C0CF76
:1082500013821282D7CF4F925F926F927F928F924A
:108260009F92AF92BF92CF92DF92EF92FF920F93C5
:108270001F93CF93DF938C01009799F4CB01DF918B
:10828000CF911F910F91FF90EF90DF90CF90BF9013
:10829000AF909F908F907F906F905F904F900C94D5
:1082A0000640FC01E60FF71F9C0122503109E2173E
:1082B000F30708F4AEC0D901CD91DC911197C61730
:1082C000D70720F1C530D10578F0CE010497861785
:1082D000970750F0C61BD70B2297C193D1936D938C
:1082E0007C93CF010E94A240C801DF91CF911F91E2
:1082F0000F91FF90EF90DF90CF90BF90AF909F9045
:108300008F907F906F905F904F9008955B01AC1AB3
:10831000BD0A4C018C0E9D1EA091E80DB091E90D97
:10832000512C412CF12CE12C109731F58091E60D68
:108330009091E70D8815990509F05CC0461657061F
:1083400008F058C08091000190910101009741F41C
:108350008DB79EB74091040150910501841B950B88
:10836000E817F90708F055C0F093E70DE093E60D24
:10837000F90171836083B8CF8D919C91119712960A
:108380006C90129713967C901397A815B90559F520
:108390006C0142E0C40ED11CCA14DB0420F1AC0114
:1083A0004A195B09DA011296159780F0628273828E
:1083B00051834083D9016D937C93E114F10471F0F2
:1083C000D7011396FC93EE9312978ECF22968C0FC3
:1083D0009D1FF90191838083F301EFCFF093E90DA5
:1083E000E093E80D81CF4816590608F42C017D0171
:1083F000D3019ACFCB010E9406407C01009749F03F
:10840000AE01B8010E941942C8010E94A240870132
:108410006BCF10E000E068CFFB01DC0104C08D9160
:108420000190801921F441505040C8F7881B990BE6
:108430000895FB01DC0102C001900D9241505040B3
:10844000D8F70895FC018191861721F08823D9F788
:10845000992708953197CF010895FB01DC01019020
:108460000D920020E1F70895FB01DC0141505040DE
:1084700048F001900D920020C9F701C01D924150B3
:108480005040E0F708954532510520F4423010F095
:108490000C944E42FB011082CB010895BB274A3059
:1084A00031F4992322F4BDE2909581959F4F0C946D
:1084B00092422532310520F4223010F00C946442AF
:1084C000FA011082CA010895BB27FA01A62F62178C
:1084D000710581059105330B30FB66F0AA27660F05
:1084E000771F881F991FAA1FA21710F0A21B639560
:1084F0003850A9F7A05DAA3308F0A95DA19336F71B
:10850000B111B1931082CA010C94FF444532510558
:1085100020F4423010F00C949142FB011082CB0108
:108520000895BB27FB015527AA27880F991FAA1F6B
:10853000A41710F0A41B83955051B9F7A05DAA337E
:1085400008F0A95DA193009779F7B111B193119249
:10855000CB010C94FF448F929F92AF92BF92CF9227
:10856000DF92EF92FF920F931F93CF93DF93CDB7DC
:10857000DEB729970FB6F894DEBF0FBECDBF6A01F4
:10858000F22EB02E102FFBE3AF2EA01608F41BE343
:108590001F5F012F27E0AE014F5F5F4F0E9427440E
:1085A000BC018981982F9970913009F44EC09BE2EB
:1085B000E1FC04C09E2D9170E0FC49C05E2D50711D
:1085C000E82FE87083FF55C084E0911101C083E07B
:1085D000EF2DE81B8F1508F0E0E0D6018E2F20E28A
:1085E0005523C9F1992329F0D6019C93C601019620
:1085F0006C0196012D5F3F4FE2FE33C08EE4D60141
:108600008C9391E411969C93119712968C93D901B7
:108610008E2F90E281112AC0E20FF32FF11D1082FC
:108620008EEF9FEF29960FB6F894DEBF0FBECDBF39
:10863000DF91CF911F910F91FF90EF90DF90CF903E
:10864000BF90AF909F908F9008959DE2B7CF90E23A
:10865000B5CF2D9381508111FCCFCE0ED11CE0E01F
:10866000C1CF8EE6D6018C9391E6CCCF9D938150FD
:10867000D1CF482F447082FF3DC084E0911101C0EA
:1086800083E08F1510F4EF2DE81BD6018E2F20E22A
:10869000552309F1992329F0D6019C93C60101962F
:1086A0006C0196012D5F3F4FE2FE1BC089E4D601AD
:1086B0008C938EE411968C93119786E412968C938A
:1086C000D9018E2F90E2882309F4A6CF9D93815083
:1086D000FACF2D9381508111FCCFCE0ED11CE0E05A
:1086E000D9CF89E6D6018C938EE611968C9311979B
:1086F00086E6E4CF9B0177FF02C030E020E0A1E0F6
:10870000B0E0911102C0B0E0A0E0F9013196AE0FE7
:10871000BF1F8B2C912CBB2009F461C05401EFEFDB
:10872000AE1ABE0AAA0DBB1DFA161B0619F014F0EC
:108730004F2D4A1B511188C0E3FC59C07601A42F6C
:10874000B0E2A1114FC0C40ED11C992309F45BC043
:1087500040E0D6011196F60190836D01552309F48E
:1087600048C0012F060F9A81582F507184FF03C013
:10877000913309F4015010160CF047C0093008F08D
:1087800008E0EEE2FE2E5B01A01AB108850191948B
:10879000819491082F3F320729F4D601FC92F6010B
:1087A00031966F016217730794F1021713077CF576
:1087B000DB01A21BB30BAA24A394B12CAC0EBD1EEB
:1087C000AA0DBB1D11968C9121503109D60111962D
:1087D00028153905F4F0F60180836D01DBCFB12C4B
:1087E000A12CA0CFF701B1937F01A150AACF911185
:1087F000B0CFD601942F50E302C05D9391509111F8
:10880000FCCFC40ED11C40E0ACCF01E0BACF80E376
:10881000DBCF6217730731F4963388F4953311F484
:10882000552369F0F6018083FD01842F90E28111C8
:1088300008C0A40FB11D1C9290E080E0F3CE81E34C
:10884000F1CF91938150F3CF911183CF8ACF28300C
:1088500008F027E03327DA01990F311D87FD916079
:1088600000966105710539F432602E5F3D9330E367
:108870002A95E1F708959F3F30F080387105610532
:1088800009F03C5F3C5F3D93913008F08068911D9A
:10889000DF93CF931F930F93FF92EF92192F987F3F
:1088A0009695E92F96959695E90FFF27EA51FF4F88
:1088B00099273327EE24FF24A701E70105900894A8
:1088C000079428F4360FE71EF81E491F511D660F46
:1088D000771F881F991F0694A1F70590079428F425
:1088E000E70EF81E491F561FC11D770F881F991FDD
:1088F000661F0694A1F70590079428F4F80E491F07
:10890000561FC71FD11D880F991F661F771F06941A
:10891000A1F70590079420F4490F561FC71FD81FD1
:10892000990F661F771F881F0694A9F784911095E9
:10893000177041F0D695C79557954795F794E794EA
:108940001A95C1F7ECE8F0E068941590159135910F
:108950006591959105907FE27395E118F10A430BBB
:10896000560BC90BD009C0F7E10CF11E431F561F6F
:10897000C91FD01D7EF4703311F48A95E6CFE894B8
:10898000015030F0080F0AF40027021708F4202FD6
:108990002395022F7A3328F079E37D932A95E9F71E
:1089A00010C07D932A9589F606949795679537951B
:1089B00017951794E118F10A430B560BC90BD00910
:1089C00098F023957E9173957A3308F070E37C9349
:1089D0002013B8F77E9170617D9330F0839571E339
:1089E0007D9370E32A95E1F71124EF90FF900F91AA
:1089F0001F91CF91DF91992787FD90950895DC0114
:108A0000FC01672F71917723E1F7329704C07C91C5
:108A10006D9370836291AE17BF07C8F3089511E09C
:108A2000C0E1D1E004C0FE010E94C53F2196C131E2
:088A3000D107C9F7F894FFCF4C
:108A38000000EA0D80000101FFFFFFFF1F1C1F1E41
:108A48001F1E1F1F1E1F1E1F5802B004FC08F8110E
:108A58008C233038323465303365383963353063C8
:108A6800636134386338396364366637386436335B
:108A7800306538623335633161372C434942756953
:108A88006C6400322E302E302D36302D434942751D
:108A9800696C640024454E562C0023534420696EAB
:108AA80069742066616C7365002353442066616CA9
:108AB8007365002453544152542C000D0A00244578
:108AC8002C000D0A2453544F502C002E5458540097
:108AD8002346696C656E616D652C000D0A2446534A
:108AE80045512C0024424154542C002452544343F1
:108AF800484B2C002C494E49542C72656730373D41
:108B080030780030002C72656732383D3078002CA0
:108B18004F4B2C72656730373D3078003100234366
:108B280076616B2E2E2E0023486D6D6D2E2E2E0035
:108B3800235254435F54494D452C00234545505218
:108B48004F4D5F53594E435F54494D452C002345C3
:108B58004550524F4D5F494E49545F54494D452C3D
:108B68000023454550524F4D5F53594E435F525471
:108B7800435F5345434F4E44532C00234449475FBA
:108B88004E414D452C0023454550524F4D207265AE
:108B98006164206661696C656400234144435F4EEB
:108BA800414D452C0023454550524F4D20616E6183
:108BB8006C6F672072656164206661696C6564002A
:108BC8002353594E435F4147452C00234355525286
:108BD800454E545F554E49585F54494D452C002326
:108BE80043555252454E545F54494D452C002D0073
:108BF80020003A0024444F532C414952444F5330EB
:108C080034432C002C302C000D0A244449472C42B4
:108C18004154444154554E49543031422C000D0AB8
:108C2800244449475F4E414D452C000D0A244144D8
:108C3800432C555354534950494E3033412C000D61
:108C48000A244144435F4E414D452C000D0A2442FD
:108C58004154502C000D0A2454494D452C002346FC
:108C6800696C6573697A652C0000000000471A7604
:108C78001A1A1A461A1D1A241A371A000000004D2B
:108C88001D631D1A1A801D331E9F1DA91D2F00006C
:108C9800000000782B75381A1A5724000000006865
:108CA80030C030823000000000A83675383C368865
:088CB800360E3628361A36008C
:00000001FF
